categorical_label;;ID;;;;proyecto;;valor;
0;225;TMSA-CD-1144-2021;Contratos y convenios con más de dos partes;Convocado;BOGOTÁ D.C. - TRANSMILENIO;AUNAR ESFUERZOS PARA EL MEJORAMIENTO, ADECUACIÓN Y EJECUCIÓN DE OBRAS EN LA ESTACIÓN RICAURTE DEL SISTEMA DE TRANSPORTE TRANSMILENIO, ENTRE OTRAS, CON TECNOLOGÍAS DE RECICLAJE DE PLÁSTICO PARA USO EN INFRAESTRUCTURA.;Bogotá D.C. : Bogotá D.C.;$ 0,00;12/11/2021
0;227;SED_CDM_026_2021;Régimen Especial;Convocado;BOGOTÁ D.C. - IED. DIVINO MAESTRO;MANTENIMIENTO GENERAL DE LAS INSTALACIONES DEL COLEGIO;Bogotá D.C. : Bogotá D.C.;$ 17.757.000,00;12/11/2021
0;228;ITI - 030 -2021;Régimen Especial;Convocado;BOGOTÁ D.C. - IED. ITI FRANCISCO JOSE DE CALDAS;Mantenimiento integral de cubiertas, canales y bajantes de la planta física de las sedes a, b, c y d del colegio instituto técnico industrial francisco josé de caldas ied, las actividades incluyen diagnostico inicial para detectar áreas de mayor impacto y afectación, limpieza de cubiertas, canales y bajantes, sustitución de tejas rotas o deterioradas, arreglo de goteras, impermeabilización de superficies a todo costo. el contratista debe garantizar la reparación integral por daños y urgencias imprevistas en cubiertas en un termino de un (1) día hábil. el contratista debe garantizar que los espacios intervenidos queden sin filtraciones, ni goteras.;Bogotá D.C. : Bogotá D.C.;$ 17.556.000,00;12-nov-21
0;230;Seleccionabreviada_35_2018;Selección Abreviada de Menor Cuantía (Ley 1150 de 2007);Convocado;CAR - CORPORACIÓN AUTÓNOMA REGIONAL DE CUNDINAMARCA;PRESTACIÓN DEL SERVICIO DE MANTENIMIENTO PREVENTIVO, CORRECTIVO Y ADECUACIONES NECESARIAS PARA GARANTIZAR LA CONTINUIDAD DEL SERVICIO CON SUMINISTRO DE REPUESTOS SEGÚN LA NECESIDAD, PARA LAS REDES ELÉCTRICAS Y DE DATOS, EXTERNAS E INTERNAS Y LAS REDES HIDRÁULICAS DE AGUA POTABLE, SANITARIA, AGUAS LLUVIAS Y AGUAS NEGRAS DE LA SEDE CENTRAL, SEDE TEUSAQUILLO, PISO 5 Y OFICINA 304 DEL EDIFICIO CARRERA DÉCIMA, PISOS 4°, 5° y 6° DEL EDIFICIO MANUEL MEJIA, DIRECCIONES REGIONALES Y OTRAS SEDES ADMINISTRATIVAS QUE CONFORMAN LA JURISDICCIÓN DE LA CORPORACIÓN AUTÓNOMA REGIONAL DE CUNDINAMARCA – CAR;Bogotá D.C. : Bogotá D.C.;$ 389.997.387,00;12/11/2021
0;231;CMZOA-23-2021;Contratación Mínima Cuantía;Convocado;BOGOTÁ D.C. - COLEGIO MANUEL ZAPATA OLIVELLA IED;EL COLEGIO Manuel Zapata Olivella IED REQUIERE EL SERVICIO DE MANTENIMIENTO Y SUMINISTRO DE ELEMENTOS TIENDA ESCOLAR QUE BENEFICIARAN A ESTUDIANTES, DOCENTES Y COMUNIDAD EDUCATIVA EN GENERAL. CONTRATO A TODO COSTO INCLUYE MATERIALES Y MANO DE OBRA;Bogotá D.C. : Bogotá D.C.;$ 28.900.000,00;12/11/2021
0;232;nov-21;Régimen Especial;Convocado;BOGOTÁ D.C. - IED. NUEVA ESPERANZA;SE REQUIERE CONTRATAR TRABAJOS ELECTRICOS A REALIZAR EN DIFERENTES AREAS DE COLEGIO NUEVA ESPERANZA I.E.D.;Bogotá D.C. : Bogotá D.C.;$ 2.999.990,00;12/11/2021
0;233;CP21-2021;Régimen Especial;Convocado;BOGOTÁ D.C. - IED. ACACIA II;CELEBRAR CONTRATO DE OBRA PARA MANTENIMIENTO CORRECTIVO, RECURRENTE Y PREDICTIVO DE LA PLANTA FISICA DE LAS DIFERENTES SEDES;Bogotá D.C. : Bogotá D.C.;$ 14.715.200,00;12/11/2021
0;235;15;Régimen Especial;Convocado;BOGOTÁ D.C. - IED. FLORENTINO GONZALEZ;Contratar a una persona natural o jurídica para el mantenimiento de la entidad predictivo, correctivo de las instalaciones del Colegio Florentino González;Bogotá D.C. : Bogotá D.C.;$ 18.000.000,00;12/11/2021
0;236;32-2021;Régimen Especial;Convocado;BOGOTÁ D.C. - IED. LA GAITANA;CONTRATAR MANTENIMIENTO PREVENTIVO, CORRECTIVO E INTEGRAL DE ÍNDOLE ELÉCTRICO DE LA PLANTA FÍSICA DE SEDE A Y B DEL COLEGIO LA GAITANA IED, Y RETIRO DEL MATERIAL SOBRANTE Y ESCOMBROS QUE SE PRODUZCAN DEL MANTENIMIENTO.;Bogotá D.C. : Bogotá D.C.;$ 16.721.294,00;12/11/2021
0;237;26;Régimen Especial;Convocado;BOGOTÁ D.C. - IED. FERNANDO GONZALEZ OCHOA;Suministro e instalación y mantenimiento predictivo y preventivo eléctrico, hidrosanitario, limpieza de cajas y biga canales de todo el colegio a todo costo, incluido mano de obra y materiales (de muy buena calidad con insumos) con ejecución por el tiempo estipulado o hasta agotar los recursos del contrato.;Bogotá D.C. : Bogotá D.C.;$ 18.170.520,00;12/11/2021
0;238;31;Régimen Especial;Convocado;BOGOTÁ D.C. - IED. FERNANDO GONZALEZ OCHOA;MANTENIMIENTO PREVENTIVO Y PREDICTIVO DE PLANTA DE EMERGENCIA Y BOMBAS HIDRAULICAS E INSUMOS.PARA PREVENIR FALLAS.;Bogotá D.C. : Bogotá D.C.;$ 13.244.700,00;12/11/2021
0;239;28;Régimen Especial;Convocado;BOGOTÁ D.C. - IED. NACIONES UNIDAS;Contrato de servicios de mano de obra para adelantar trabajos de resane y pintura en diferentes dependencias de la Institución en las sedes A y B del Colegio A TODO COSTO (Mano de obra y suministro e instalación de materiales de excelente calidad, incluyendo terminados, así como recolección y disposición final de residuos);Bogotá D.C. : Bogotá D.C.;$ 5.000.000,00;12/11/2021
0;240;35;Régimen Especial;Convocado;BOGOTÁ D.C. - IED. FERNANDO GONZALEZ OCHOA;SERVICIO CONTROL DE PLAGAS COMO ROEDORES, MOSQUITOS, PROCESO DE LAVADO DE TANQUES SUBTERRÁNEOS Y AÉREOS, SERVICIO DE LIMPIEZA DE CEBADERAS Y PROCESO DE FUMIGACIÓN DE LAS INSTALACONES PARA OFRECERLE A LA COMUNIDAD EDUCATIVA SITIOS SANOS. ESTOS TRABAJOS DEBEN TENER UNA PARTE DEL PROCESO DE EJECUCIÓN EN EL RECESO ESCOLAR CON EL FIN DE TENER LA INSTITUCIÓN LISTA PARA EL DIA 23 DE ENERO DE 2022, Y ASÍ CUMPLIR CON EL PLAN BÁSICO DE SANEAMIENTO Y EL INICIO DE LA PRESENCIALIDAD COMPLETA.;Bogotá D.C. : Bogotá D.C.;$ 999.600,00;12/11/2021
0;203;CVP-MC-21-2021;Contratación Mínima Cuantía;Convocado;BOGOTÁ D.C. - IED. VILLAS DEL PROGRESO;Adquirir Togas y Birretes nuevos, Lavar y Planchar las existentes, adquirir Cortinas Black Out nuevas y realizar mantenimiento de las existentes en la IED.;Bogotá D.C. : Bogotá D.C.;$ 25.400.300,00;16/11/2021
0;205;CRG-013-2021;Régimen Especial;Convocado;BOGOTÁ D.C. - IED. REPUBLICA DE GUATEMALA;El Colegio requiere contratar el mantenimiento preventivo y correctivo del sistema de bombeo;Bogotá D.C. : Bogotá D.C.;$ 6.258.000,00;16-nov-21
0;208;RUU35-2021;Régimen Especial;Convocado;BOGOTÁ D.C. - IED. RAFAEL URIBE URIBE LOC.19;ORNAMENTACION VARIAS AREAS DE LA INSTITUCION;Bogotá D.C. : Bogotá D.C.;$ 13.660.803,00;16/11/2021
0;209;RE DOFASA # 16 2021;Régimen Especial;Convocado;BOGOTÁ D.C. - IED. DOMINGO FAUSTINO SARMIENTO;FUMIGACIÓN, DESRATIZACIÓN, CONTROL INTEGRADO DE PLAGAS, CONTROL DE CALIDAD DEL AGUA (LAVADO DE TANQUES Y ANÁLISIS DE AGUA) A TODO COSTO EN LAS SEDES A, B, C Y D DEL COLEGIO TECNICO DOMINGO FAUSTINO SARMIENTO IED;Bogotá D.C. : Bogotá D.C.;$ 2.689.400,00;16/11/2021
0;212;011-2021;Régimen Especial;Convocado;BOGOTÁ D.C. - IED. LUIS ANGEL ARANGO;CONTRATAR EL MEJORAMIENTO Y MANTENIMIENTO DE LA INFRASTRUCTURA DE LA INSTITUCION, A TODO COSTO. DE ACUERDO A LOS REQUERIMIENTOS DE COLEGIO ESTIPULADOS EN LA SIGUIENTE CONVOCATORIA PUBLICA, EN LAS SEDEAS A Y B DEL COLEGIO LUIS ANGEL ARANGO LOCALIDAD FONTIBON;Bogotá D.C. : Bogotá D.C.;$ 17.970.000,00;16/11/2021
0;213;25-2021;Régimen Especial;Convocado;BOGOTÁ D.C. - IED. DARIO ECHANDIA;MANTENIMIENTO EN PISOS, REPARACION DE CUBIERTAS SEDE A Y B;Bogotá D.C. : Bogotá D.C.;$ 8.250.000,00;16/11/2021
0;214;RE CNE 27-2021;Régimen Especial;Convocado;BOGOTÁ D.C. - IED. COLEGIO NAL NICOLAS ESGUERRA;SERVICIO DE MANTENIMINETO GENERAL AL CESPED DE LA CANCHA DE FUBTOL (poda general, Adecuación del terreno para la filtración del agua, Nivelación del terreno, construcción de un vivero de acuerdo con las especificaciones y características de la invitación);Bogotá D.C. : Bogotá D.C.;$ 14.500.000,00;16/11/2021
0;215;CTCIED-RE-032-2021;Régimen Especial;Convocado;BOGOTÁ D.C. - IED. TOMAS CARRASQUILLA;REALIZAR LA LIMPIEZA Y DESINFECCIÓN DE TANQUES DE ALMACENAMIENTO DE AGUA POTABLE PARA PREVENIR Y CONTROLAR LAS FUENTES DE CONTAMINACIÓN, LA DESINSECTACIÓN ACTIVA CONTRA ARTRÓPODOS Y CONTROL DE ROEDORES, SEGÚN ESTÁNDARES Y NORMATIVIDAD AMBIENTAL VIGENTE EN SUS RESPECTIVAS SEDES Y LA RECARGA DE LOS EXTINTORES.;Bogotá D.C. : Bogotá D.C.;$ 3.749.000,00;16/11/2021
0;216;CTCIED-RE-033-2021;Régimen Especial;Convocado;BOGOTÁ D.C. - IED. TOMAS CARRASQUILLA;CONTRATAR EL MANTENIMIENTO, Y MEJORAMIENTO DE LA INFRAESTRUCTURA DE LA INSTITUCION A TODO COSTO, POR LO CUAL EL CONTRATISTA ASUMIRÁ LA RESPONSABILIDAD POR EL SUMINISTRO DE LOS MATERIALES, MANO DE OBRA. EQUIPOS Y HERRAMIENTAS, NECESARIAS PARA EL DESARROLLO DEL OBJETO DEL CONTRATO DEL COLEGIO TOMÁS CARRASQUILLA IED, DE ACUERDO A LAS NECESIDADES DEL COLEGIO.;Bogotá D.C. : Bogotá D.C.;$ 14.455.000,00;16/11/2021
0;217;34-2021;Régimen Especial;Convocado;BOGOTÁ D.C. - IED. ALFONSO LOPEZ PUMAREJO;PRESTACIÓN DE SERVICIOS DE MANTENIMIENTO PREVENTIVO Y CORRECTIVO (PLOMERÍA, MAMPOSTERÍA, ORNAMENTACIÓN, ENTRE OTROS) Y ADECUACIONES EN EL AULA MÚLTIPLE DE LA INSTITUCIÓN.;Bogotá D.C. : Bogotá D.C.;$ 4.600.000,00;16/11/2021
0;219;CSPC32-2021;Régimen Especial;Convocado;BOGOTÁ D.C. - IED. SAN PEDRO CLAVER;SE REQUIEREN LABORES MANTENIMIENTO ENTIDAD;Bogotá D.C. : Bogotá D.C.;$ 17.328.120,00;16/11/2021
0;220;CSPC33-2021;Régimen Especial;Convocado;BOGOTÁ D.C. - IED. SAN PEDRO CLAVER;SE REQUIERE SERVICIO DE INTERVENCION CUBIERTAS Y CANALES COLEGIO SAN PEDRO CLAVER- PARTE ANTIGUA;Bogotá D.C. : Bogotá D.C.;$ 6.800.000,00;16/11/2021
0;221;RE-CC-12-2021;Régimen Especial;Convocado;BOGOTÁ D.C. - IED. CLASS;Desmonte, fabricacion e instalacion de ventaneria en aluminio Sede C Colegio Class;Bogotá D.C. : Bogotá D.C.;$ 18.170.520,00;16/11/2021
0;223;60-2021;Régimen Especial;Convocado;CUNDINAMARCA - LOTERÍA DE CUNDINAMARCA;CONTRATAR LA FABRICACIÓN E INSTALACION DE REJAS DE SEGURIDAD PARA VENTANAS Y PUERTA DE ACCESO PEATONAL, UBICADAS EN EL PRIMER PISO DEL EDIFICIO SEDE DE LA EMPRESA INDUSTRIAL Y COMERCIAL LOTERÍA DE CUNDINAMARCA UBICADO EN LA AV CARRERA 30 NO. 49ª- 10.;Bogotá D.C. : Bogotá D.C.;$ 9.746.100,00;16/11/2021
0;179;027-2021;Régimen Especial;Convocado;BOGOTÁ D.C. - IED. COLEGIO FERNANDO SOTO APARICIO;CONTRATAR EL MANTENIMIENTO DE PREVENTIVO Y CORRECTIVO DE CARPINTERIA METALICA Y LA ELABORACIÓN DE CARCAMOS Y PUERTAS DE LAS TRES SEDES A COSTO;Bogotá D.C. : Bogotá D.C.;$ 18.170.000,00;17-nov-21
0;181;INVITACIÓN A COTIZAR 2021-0256 / 2021-0344;Contratos y convenios con más de dos partes;Convocado;INSTITUTO NACIONAL DE CANCEROLOGÍA;MANTENIMIENTO PREVENTIVO Y CORRECTIVO DE LAS PUERTAS AUTOMATICAS DEL INC (INCLUYE BOLSA DE REPUESTOS).;Bogotá D.C. : Bogotá D.C.;$ 53.686.328,00;17/11/2021
0;182;INVITACIÓN A COTIZAR 2021-0325 / 2021-0361;Contratos y convenios con más de dos partes;Convocado;INSTITUTO NACIONAL DE CANCEROLOGÍA;REALIZAR EL SUMINISTRO E INSTALACIÓN DE BATERIAS CRITICAS PARA LAS UPS DEL INC.;Bogotá D.C. : Bogotá D.C.;$ 39.422.320,00;17/11/2021
0;184;33;Régimen Especial;Convocado;BOGOTÁ D.C. - IED. HELADIA MEJIA;CONTRATAR EL SERVICIO DE FUMIGACION, DESRATIZACION Y LAVADO DE TANQUES;Bogotá D.C. : Bogotá D.C.;$ 2.380.000,00;17/11/2021
0;185;13;Régimen Especial;Convocado;BOGOTÁ D.C. - IED. MOCHUELO ALTO;ADECUACION SALON DE DANZAS, ADECUACION VENTANAS AULA 2B Y 5A, MANTENIMIENTO PARA TANQUE AEREOS Y OTROS ARREGLOS A LA INSTITUCION;Bogotá D.C. : Bogotá D.C.;$ 13.902.150,00;17/11/2021
0;186;35-2021;Régimen Especial;Convocado;BOGOTÁ D.C - COLEGIO RURAL JOSE CELESTINO MUTIS;l suministro e instalación, en el comedor escolar, de 2 extractores de aire con caudal 19116m3/h para garantizar el recambio total del aire en un lapso de 4min.;Bogotá D.C. : Bogotá D.C.;$ 14.791.400,00;17/11/2021
0;187;CCC CD 33 2021;Régimen Especial;Convocado;BOGOTÁ D.C. - IED. CRISTOBAL COLON;Contratar el servicio de recarga y mantenimiento de extintores de las sedes A, B y C para el Colegio Cristóbal Colon.;Bogotá D.C. : Bogotá D.C.;$ 799.680,00;17/11/2021
0;188;23;Régimen Especial;Convocado;BOGOTÁ D.C. - IED. ROBERT KENNEDY;contratar el alquiler del Sonido y arreglo de la tarima para el evento de grados de bachilleres 2021, de acuerdo con las condiciones presentadas en la Ficha Técnica Económica No. 3.;Bogotá D.C. : Bogotá D.C.;$ 4.000.000,00;17/11/2021
0;189;RLB-040-2021;Régimen Especial;Convocado;BOGOTÁ D.C. - IED. RODRIGO LARA BONILLA;MANTENIMIENTO GIMNASIO SEDE A;Bogotá D.C. : Bogotá D.C.;$ 4.200.000,00;17/11/2021
0;190;026-2021;Régimen Especial;Convocado;BOGOTÁ D.C. - IED. COLEGIO VILLA AMALIA;SERVICIO DE MANTENIMIENTO Y REPACION DE DIFERENTES AREAS DE LA INSTITUCION EN CUANTO A ELECTRICIDAD, FILTRACIONES,INSTALACIONES DE CHAPAS, ORNAMENTACION CON EL SUMINISTRO DE LOS MATERIALES.;Bogotá D.C. : Bogotá D.C.;$ 9.820.000,00;17/11/2021
0;191;CGR-33-2021;Régimen Especial;Convocado;BOGOTÁ D.C. - IED. GUSTAVO RESTREPO;SE HACE NECESARIO EL MANTENIMIENTO PREVENTIVO Y CORRECTIVO DE PLANTAS DE SONIDO, INSTALACIONES DE CABLE, INSTALACIONES DE CABINAS SEDE A Y B. SUMINSTRO DE MATERIALES A TODO COSTO Y MANO DE OBRA ESPECIALIZADA, PARA EL BUEN FUNCIONAMIENTO DE LA EMISORA, EN LA REALIZACION DE ACTIVIDADES INSTITUCIONALES DE CARACTER CULTURAL, DEPORTIVO Y DEMAS.;Bogotá D.C. : Bogotá D.C.;$ 13.124.000,00;17/11/2021
0;192;36;Régimen Especial;Convocado;BOGOTÁ D.C. - IED. ANTONIO VAN UDEN;mantenimiento general sede a b y c;Bogotá D.C. : Bogotá D.C.;$ 11.846.000,00;17/11/2021
0;193;018-2021;Régimen Especial;Convocado;BOGOTÁ D.C. - IED. LA PAZ;DESMONTE DE EQUIPO AUDIOVISUAL DE LA SEDE POR INTERVENCION DE LA SED EN TODA LA SEDE, REFORZAR PUERTA DE ENTRADA DE LA INSTITUCION, CAMBIO DE MARCO CON VISAGRAS. CAMBIO DE CHAPAS E INSTALACION DE LAMPARAS EN LA SEDE;Bogotá D.C. : Bogotá D.C.;$ 5.128.000,00;17/11/2021
0;194;30-2021-RE-COLSAMBER;Régimen Especial;Convocado;BOGOTÁ D.C. - IED. SAN BERNARDINO;MANTENIMIENTO DE PLANTA FISICA;Bogotá D.C. : Bogotá D.C.;$ 15.436.700,00;17/11/2021
0;196;36;Régimen Especial;Convocado;BOGOTÁ D.C. - IED. ESTANISLAO ZULETA;arreglos y reparaciones de mantenimiento predictivos en las dos sedes del colegio en los sistemas hidrícos, eléctricos y de mampostería;Bogotá D.C. : Bogotá D.C.;$ 11.840.000,00;17/11/2021
0;197;RE CODE 33 -2021;Régimen Especial;Convocado;BOGOTÁ D.C. - IED. COLEGIO CODEMA;Demolición de muro de salones de clase del primer piso de primaria y construcción del mismo muro salones donde está actualmente la biblioteca según diseño de los salones de clase, mantenimiento de mobiliario de salones, reparaciones hidrosanitarias, pintura de salones en vinilo tipo uno, encerramiento del techo de la sala de sistemas en eterboard;Bogotá D.C. : Bogotá D.C.;$ 15.520.000,00;17/11/2021
0;198;CBR-14-2021;Régimen Especial;Convocado;BOGOTÁ D.C. - IED. BRASILIA - USME;ADECUACION DE MOTOBOMBAS DE LA INSTITUCION PARA EL BUEN FUNCIONAMIENTO DEL TANQUE DE AGUA DE LA INSTITUCION;Bogotá D.C. : Bogotá D.C.;$ 9.787.800,00;17/11/2021
0;199;CAUR10;Régimen Especial;Convocado;BOGOTÁ D.C. - IED. LA AURORA;ARREGLO DE LAS MOTOBOMBAS DE LA INSTITUCION;Bogotá D.C. : Bogotá D.C.;$ 10.100.000,00;17/11/2021
0;200;48-2021;Régimen Especial;Convocado;BOGOTÁ D.C. - IED. COLEGIO ALFONSO LOPEZ MICHELSEN;Contratar la compra de repuestos para los instrumentos musicales de la jornada tarde;Bogotá D.C. : Bogotá D.C.;$ 2.835.770,00;17/11/2021
0;201;RE-CC-14-2021;Régimen Especial;Convocado;BOGOTÁ D.C. - IED. CLASS;Recarga de extintores sedes a, b, c del colegio Class;Bogotá D.C. : Bogotá D.C.;$ 3.310.580,00;17/11/2021
0;202;35;Régimen Especial;Convocado;BOGOTÁ D.C. - IED. GERMAN ARCINIEGAS;REPARACIÓN Y MANTENIMIENTO EN GENERAL DE LA SEDE B;Bogotá D.C. : Bogotá D.C.;$ 9.074.000,00;17/11/2021
0;147;No. RE-CCP-2021-023;Régimen Especial;Convocado;BOGOTÁ D.C. - IED. DE CULTURA POPULAR;DESARROLLAR A TODO COSTO EL MANTENIMENTO Y ADECUACION DEL SALON CORRESPONDIENTE A LA BILBIOTECA DE LA SEDE B DEL COLEGIO DE CULTURA POPUALR IED;Bogotá D.C. : Bogotá D.C.;$ 12.000.000,00;18/11/2021
0;148;029-2021;Régimen Especial;Convocado;BOGOTÁ D.C. - IED. ALFONSO REYES ECHANDIA;MANTENIMIENTO DE BLACK OUT, TELONES DE PROYECCIÓN Y COMPRA DE CORTINAS BLACK OUT REQUERIDAS PARA LOS ESPACIOS EN LA INSTITUCIÓN;Bogotá D.C. : Bogotá D.C.;$ 11.500.000,00;18-nov-21
0;153;PROCESO DE SELECCIÓN DE MINIMA CUANTIA No PMC-CA-0;Contratación Mínima Cuantía;Convocado;BOGOTÁ D.C. - IED. ATENAS;MANTENIMIENTO PREVENTIVO PREDICTIVO E INTEGRAL DE LA PLANTA FISICA DEL COLEGIO ATENAS SEDE UNICA A TODO COSTO, SEGÚN ANEXO TECNICO.;Bogotá D.C. : Bogotá D.C.;$ 20.527.500,00;18/11/2021
0;154;37-2021;Contratación Mínima Cuantía;Convocado;BOGOTÁ D.C - COLEGIO RURAL JOSE CELESTINO MUTIS;Celebrar un contrato para la conservación y el mantenimiento de la infraestructura física del Colegio.;Bogotá D.C. : Bogotá D.C.;$ 18.100.000,00;18/11/2021
0;156;008 de 2021;Régimen Especial;Convocado;BOGOTÁ D.C. - IED. LICEO FEMENINO MERCEDES NARIÑO;servicios de mantenimiento predictivo, preventivo y correctivo varios;Bogotá D.C. : Bogotá D.C.;$ 12.750.000,00;18/11/2021
0;157;009 de 2021;Régimen Especial;Convocado;BOGOTÁ D.C. - IED. LICEO FEMENINO MERCEDES NARIÑO;servicios de mantenimiento de ornamentación;Bogotá D.C. : Bogotá D.C.;$ 12.383.000,00;18/11/2021
0;158;jun-21;Régimen Especial;Convocado;BOGOTÁ D.C. - IED. ANTONIO VILLAVICENCIO;Contratar el servicio de mantenimiento de canales, bajantes, techos, cambio de tejas rotas, adecuación y limpieza de las cajas de aguas lluvias y negras en las sedes del colegio.;Bogotá D.C. : Bogotá D.C.;$ 12.000.000,00;18/11/2021
0;159;jul-21;Régimen Especial;Convocado;BOGOTÁ D.C. - IED. ANTONIO VILLAVICENCIO;Contratar el servicio de mantenimiento hidrosanitario e hidráulico incluido el material que se requiera para su ejecución en las sedes del Colegio;Bogotá D.C. : Bogotá D.C.;$ 4.000.000,00;18/11/2021
0;160;18;Régimen Especial;Convocado;BOGOTÁ D.C. - IED. COLEGIO RAFAEL DELGADO SALGUERO;MANTENIMIENTO DE PLANTA FISICA MAMPOSTERIA E INSTALACIONES HIDRAULICAS COLEGIO RAFAEL DELGADO SALGUERO SEDES A ,B,Y C.;Bogotá D.C. : Bogotá D.C.;$ 11.736.375,00;18/11/2021
0;161;48;Régimen Especial;Convocado;BOGOTÁ D.C. - IED. EL LIBERTADOR;servicio de recarga revision y mantenimiento de extintores;Bogotá D.C. : Bogotá D.C.;$ 1.368.619,00;18/11/2021
0;163;17-21;Régimen Especial;Convocado;BOGOTÁ D.C. - COLEGIO EL TESORO DE LA CUMBRE I.E.D;Contratar un proveedor que otorgue el servicio de lavado y desinfección de tanques, fumigación, desratización, poda, arreglo de jardines con recolección y bota de estos desechos generados, Recarga y mantenimiento de extintores en las tres sedes de la Institución Educativa.;Bogotá D.C. : Bogotá D.C.;$ 5.101.530,00;18/11/2021
0;164;CLM-25-2021;Régimen Especial;Convocado;BOGOTÁ D.C. - IED. LA MERCED;SERVICIO DE INSPECCION, MANTENIMIENTO Y REPARACION DE EXTINTORES;Bogotá D.C. : Bogotá D.C.;$ 3.349.850,00;18/11/2021
0;165;18 2021;Régimen Especial;Convocado;BOGOTÁ D.C. - IED. BRAZUELOS;MANTENIMIENTO DE LAS INSTALACIONES DEL COLEGIO. REPARACIONES HIDRAULICAS Y ADECUACIONES.;Bogotá D.C. : Bogotá D.C.;$ 10.266.000,00;18/11/2021
0;167;34-2021;Régimen Especial;Convocado;BOGOTÁ D.C. - IED. COLEGIO OFELIA URIBE DE ACOSTA;MANTENIMIENTO PREVENTIVO DE MOTOBOMBAS DEL COLEGIO, REPARACION DE FUGA DE AGUA, PRESURIZACION DE TANQUES, REVISION DE TABLEROS ELECTRICOS Y OTROS ARREGLOS QUE SE REQUIEREN PARA EL BUEN FUNCIONAMIENTO Y PUESTO EN MARCHA DE LAS EQUIPOS. PARA MITIGAR EL RIESGO DE CONTAGIO, EL PROCESO SE HACE ACOGIENDOSE A LAS MEDIDAS DE BIOSEGURIDAD.;Bogotá D.C. : Bogotá D.C.;$ 2.308.600,00;18/11/2021
0;171;CMCV-23;Régimen Especial;Convocado;BOGOTÁ D.C. - COLEGIO DISTRITAL MANUEL CEPEDA VARGAS;MANTENIMIENTO DE PLANTA FISICA Y SOLUCION DE EMERGENCIAS HIDRAULICAS;Bogotá D.C. : Bogotá D.C.;$ 17.750.000,00;18/11/2021
0;174;33/2021;Régimen Especial;Convocado;BOGOTÁ - I.E.D. COLEGIO ORLANDO HIGUITA ROJAS;"mantenimiento a la planta fisica limpieza de cubiertas, cajas de inspeccion,impermeabilizacion;";Bogotá D.C. : Bogotá D.C.;$ 17.830.000,00;18/11/2021
0;175;37/2021;Régimen Especial;Convocado;BOGOTÁ - I.E.D. COLEGIO ORLANDO HIGUITA ROJAS;"mantenimiento vario planta fisica ;";Bogotá D.C. : Bogotá D.C.;$ 17.500.000,00;18/11/2021
0;176;RE-CEB- 21-2021;Régimen Especial;Convocado;BOGOTÁ D.C. - IED. CIUDADELA EDUCATIVA DE BOSA;REALIZAR MANTENIMIENTO DE PARQUES QUE SE ENCUENTRAN EN LAS CASITAS 1,2 Y JARDIN POR SOLICITUD DE SECRETARIA DE SALUD.;Bogotá D.C. : Bogotá D.C.;$ 10.500.000,00;18/11/2021
0;177;RE-CEB-24-2021;Régimen Especial;Convocado;BOGOTÁ D.C. - IED. CIUDADELA EDUCATIVA DE BOSA;REALIZAR MANTENIMIENTO A LOS LOCKER DE LOS DOCENTES Y COLOCACION DE CHAPAS A SALONES DEL COLEGIO CIUDADELA POR ENCONTRARSE EN MAL ESTADO;Bogotá D.C. : Bogotá D.C.;$ 14.306.000,00;18/11/2021
0;178;RE-CEB-25-2021;Régimen Especial;Convocado;BOGOTÁ D.C. - IED. CIUDADELA EDUCATIVA DE BOSA;REALIZAR EL MANTENIMIENTO Y COMETIDA DE INSTALACION ELECTRICA Y REDES DEL COLEGIO EN LAS AREAS DE PRIMARIA Y BACHILLERATO;Bogotá D.C. : Bogotá D.C.;$ 15.425.000,00;18/11/2021
0;114;CPF-RE-025-2021;Régimen Especial;Convocado;BOGOTÁ D.C. - IED. PAULO FREIRE;RECARGA Y MANTENIMIENTO DE EXTINTORES DEL COLEGIO;Bogotá D.C. : Bogotá D.C.;$ 1.444.750,00;19-nov-21
0;115;31-2021;Régimen Especial;Convocado;BOGOTÁ D.C. - IED. COLEGIO VEINTIÚN ÁNGELES;TRABAJOS DE ORNAMENTACIÓN VARIOS PARA LA INSTITUCIÓN;Bogotá D.C. : Bogotá D.C.;$ 18.170.000,00;19/11/2021
0;117;No. RE-JMR-2021-014;Régimen Especial;Convocado;BOGOTÁ D.C. - IED. JOSE MANUEL RESTREPO;REVISION Y MANTENIMENTO PREVENTIVO Y CORRECTIVO HIDROSANITARIOS DE LA INSTITUCION, MANTENIENTO CORRECTIVO DE GOTERAS DE TECHOS, CANALES, CAJAS DE AGUAS LLUVIAS. SOLDADURA DE PUERTAS Y VENTANAS;Bogotá D.C. : Bogotá D.C.;$ 8.000.000,00;19/11/2021
0;120;INV 017 DE 2021 ADECUACIONES AREAS ADMIN;Régimen Especial;Convocado;BOGOTÁ D.C. - IED. SIERRA MORENA;ADECUACION OFICINAS PARTE ADMINISTRATIVA, ORIENTACION Y COORDINACIONES EN SEDE A, B y C;Bogotá D.C. : Bogotá D.C.;$ 17.540.750,00;19/11/2021
0;121;INV 018 DE 2021 CARPINTERIA METALICA;Régimen Especial;Convocado;BOGOTÁ D.C. - IED. SIERRA MORENA;TRABAJOS URGENTES Y PRIORITARIOS DE CARPINTERIA METALICA MALLA PERIMETRAL EN SEDE A SIERRA MORENA;Bogotá D.C. : Bogotá D.C.;$ 17.895.000,00;19/11/2021
0;123;14-2021;Régimen Especial;Convocado;BOGOTÁ D.C. - IED. ANTONIO VILLAVICENCIO;El colegio requiere Contratar el Servicio de Mantenimiento en carpintería metálica (tornillería, soldaduras, cerrajería) y Mantenimiento Mobiliario incluido el material que se requiera descrito en la ficha técnica N. 1 para ejecución en las sedes del Colegio;Bogotá D.C. : Bogotá D.C.;$ 8.400.000,00;19/11/2021
0;127;CRUE-PMC-016-2021;Régimen Especial;Convocado;BOGOTÁ D.C. - IED. COLEGIO RURAL EL UVAL USME;adecuación invernadero;Bogotá D.C. : Bogotá D.C.;$ 6.170.000,00;19/11/2021
0;128;26;Régimen Especial;Convocado;BOGOTÁ D.C. - IED. JOSE JOAQUIN CASTRO MARTINEZ;Instalacion de 4Tv, 1 video beam y aseguramiento de 9 muebles en el desarrollo del Proyecto Institucional de mitigación - Recursos Resolución Sed 434 de 2019.;Bogotá D.C. : Bogotá D.C.;$ 1.177.930,00;19/11/2021
0;130;PROCESO 028-CEP-2021;Régimen Especial;Convocado;BOGOTÁ D.C. - IED. EL PORVENIR;El Colegio El Porvenir IED, requiere contratar el servicio de Mantenimiento predictivo, preventivo y correctivo MAMPOSTERIA Y OTROS de las sedes A y B, a todo costo.;Bogotá D.C. : Bogotá D.C.;$ 18.170.000,00;19/11/2021
0;131;CTCIED-RE-036-2021;Régimen Especial;Convocado;BOGOTÁ D.C. - IED. TOMAS CARRASQUILLA;CONTRATAR EL MANTENIMIENTO, Y MEJORAMIENTO DE LA INFRAESTRUCTURA DE LA INSTITUCION A TODO COSTO, POR LO CUAL EL CONTRATISTA ASUMIRÁ LA RESPONSABILIDAD POR EL SUMINISTRO DE LOS MATERIALES, MANO DE OBRA. EQUIPOS Y HERRAMIENTAS, NECESARIAS PARA EL DESARROLLO DEL OBJETO DEL CONTRATO DEL COLEGIO TOMÁS CARRASQUILLA IED, DE ACUERDO A LAS NECESIDADES DEL COLEGIO.;Bogotá D.C. : Bogotá D.C.;$ 14.700.200,00;19/11/2021
0;133;PMC 2021-17;Régimen Especial;Convocado;BOGOTÁ D.C. - IED. LOS TEJARES;ARREGLOS ELECTRICOS Y BAJANTES DE LA SEDE B;Bogotá D.C. : Bogotá D.C.;$ 1.556.000,00;19/11/2021
0;135;31-2021;Régimen Especial;Convocado;BOGOTÁ D.C. - IED. PALERMO IEDIP;MANTENIMIENTO Y REPARACIONES ORNAMENTACION, MAMPOSTERIA Y CARPINTERIA;Bogotá D.C. : Bogotá D.C.;$ 6.070.000,00;19/11/2021
0;136;CMZ36-2021;Régimen Especial;Convocado;BOGOTÁ D.C. - COLEGIO MANUEL ZAPATA OLIVELLA IED;SE REQUIERE INTERVENCION ELECTRICA INSTITUCIONAL COLEGIO Manuel Zapata Olivella;Bogotá D.C. : Bogotá D.C.;$ 6.100.000,00;19/11/2021
0;138;CMZ33-2021;Régimen Especial;Convocado;BOGOTÁ D.C. - COLEGIO MANUEL ZAPATA OLIVELLA IED;EL COLEGIO MANUEL ZAPATA OLIVELLA REQUIERE LABORES DE MANTENIMIENTO ENTIDAD PLANTA FISICA;Bogotá D.C. : Bogotá D.C.;$ 6.900.000,00;19/11/2021
0;139;CSPC36-2021;Régimen Especial;Convocado;BOGOTÁ D.C. - IED. SAN PEDRO CLAVER;EL COLEGIO SAN PEDRO CLAVER REQUIERE LABORES ADECUACION ESPACIO MUSICA SEDE A;Bogotá D.C. : Bogotá D.C.;$ 6.930.000,00;19/11/2021
0;140;CSPC39-2021;Régimen Especial;Convocado;BOGOTÁ D.C. - IED. SAN PEDRO CLAVER;EL COLEGIO SAN PEDRO CLAVER IED REQUIERE OBRAS DE MANTENIMIENTOS SEDES A Y B- RECESO TEMPORADA ESCOLAR;Bogotá D.C. : Bogotá D.C.;$ 17.345.600,00;19/11/2021
0;141;CMCV-25;Régimen Especial;Convocado;BOGOTÁ D.C. - COLEGIO DISTRITAL MANUEL CEPEDA VARGAS;MANTENIMIENTO DE EQUIPOS DE BOMBAS;Bogotá D.C. : Bogotá D.C.;$ 6.745.000,00;19/11/2021
0;143;33/2021;Régimen Especial;Convocado;BOGOTÁ D.C. - IED. CAMPESTRE MONTE VERDE;REPARACIONES LOCATIVAS , EN LAS INSTALACIONES DE LAS SEDES A Y B DEL COLEGIO CAMPESTRE MONTE VERDE;Bogotá D.C. : Bogotá D.C.;$ 13.517.168,00;19/11/2021
0;145;RUU-019-2021;Régimen Especial;Convocado;BOGOTÁ D.C. - IED. RAFAEL URIBE URIBE LOC. 6;CONTRATAR SERVICIO DE SONIDO Y ALQUILER DE TARIMA PARA LA CEREMONIA DE GRADUACIÓN DE LOS ESTUDIANTES DE GRADO ONCE DEL COLEGIO RAFAEL URIBE URIBE;Bogotá D.C. : Bogotá D.C.;$ 1.580.000,00;19/11/2021
0;78;CRE-25-2021;Régimen Especial;Convocado;BOGOTÁ D.C. - IED. QUIROGA ALIANZA;SERVICIO DE MANTENIMIENTO PREVENTIVO Y CORRECTIVO DE DIFERENTES ESPACIOS DE LA INSTITUCIÓN;Bogotá D.C. : Bogotá D.C.;$ 18.146.919,00;22-nov-21
0;79;31 - 2021;Régimen Especial;Convocado;BOGOTÁ D.C. - IED. CASTILLA;Elaborar trabajos de mantenimiento preventivo y correctivo asociados con cerrajería, Chapas, entre otros, , ornamentación, obra civil, con los cuales se garantiza la seguridad y uso adecuado de los espacios de la institución. (Todos los trabajos Incluidos mano de obra y suministro;Bogotá D.C. : Bogotá D.C.;$ 18.100.000,00;22-nov-21
0;80;CVP-MC-24-2021;Contratación Mínima Cuantía;Convocado;BOGOTÁ D.C. - IED. VILLAS DEL PROGRESO;Contratar el servicio de ornamentación para la fabricación, montaje e instalación de: Un Portón en vaivén con 2 hojas sede Villas, rejas tipo bancario diferentes áreas, tramo de baranda, arreglo portón principal, lijar, aplicar anticorrosivo, pintar barandas escaleras puntos fijos 1 y 2, otras áreas de la sede Santafé.;Bogotá D.C. : Bogotá D.C.;$ 25.420.000,00;22/11/2021
0;81;INVITACION A COTIZAR OC0127-2021;Régimen Especial;Convocado;BOGOTÁ D.C. - E.S.E. HOSPITAL UNIVERSITARIO DE LA SAMARITANA;ADECUACIÓN Y MANTENIMIENTO DEL SERVICIO ASISTENCIAL CORRESPONDIENTE A LOS APOYOS DE VESTIER DE ENFERMERIA DE LA E.S.E. HOSPITAL UNIVERSITARIO DE LA SAMARITANA DE BOGOTA, MEDIANTE EL SISTEMA DE CONTRATACIÓN DE PRECIOS UNITARIOS FIJOS.;Bogotá D.C. : Bogotá D.C.;$ 280.127.023,00;22-nov-21
0;83;SED_CDM_029_2021;Contratación Mínima Cuantía;Convocado;BOGOTÁ D.C. - IED. DIVINO MAESTRO;CONTRATAR TRABAJOS DE MANTENIMIENTO ELECTRICO EN LAS TRES SEDES DE LA INSTITUCION;Bogotá D.C. : Bogotá D.C.;$ 22.716.000,00;22/11/2021
0;90;CAG-05-2021;Régimen Especial;Convocado;BOGOTÁ D.C. - IED. ATANASIO GIRARDOT;El colegio Atanasio Girardot IED requiere realizar poda de cesped, Poda de plantas, Siembra de plantas, Limpieza y desyerbado y Planteo de tierra en jardineras, recogida de pasto y maleza;Bogotá D.C. : Bogotá D.C.;$ 8.630.000,00;22/11/2021
0;91;CRM-CD-012-2021;Régimen Especial;Convocado;BOGOTÁ D.C. - IED. COL. NAC. RESTREPO MILLAN;contratar los servicios primordiales de mantenimiento preventivo, predictivo e integral de la red eléctrica en todas las instalaciones de la institución, con terminados a todo costo, mano de obra incluida y materiales de óptima calidad, con ejecución de tracto sucesivo por el tiempo estipulado o hasta agotar los recursos del contrato;Bogotá D.C. : Bogotá D.C.;$ 12.000.000,00;22/11/2021
0;92;ME-CNQT -010921;Régimen Especial;Convocado;BOGOTÁ D.C. - IED. NIDIA QUINTERO DE TURBAY;Mantenimiento general de cerraduras y suministro de chapas, guardas y herrajes necesarios para contribuir a garantizar la seguridad del Colegio Nydia Quintero de Turbay IED, vigencia 2021;Bogotá D.C. : Bogotá D.C.;$ 2.087.111,00;22/11/2021
0;93;SA-36-2021;Régimen Especial;Convocado;BOGOTÁ D.C. - IED. SAN AGUSTIN;ADECUACIÓN ENTRADA Y SALIDA DE PREESCOLAR (INSTALACIÓN DE PUERTA CORREDIZA - SUMINISTRO E INSTALACIÓN DE DOMO) A TODO COSTO Y RETIRO DE ESCOMBROS.;Bogotá D.C. : Bogotá D.C.;$ 17.000.000,00;22/11/2021
0;95;SED_CDM_022_2021;Régimen Especial;Convocado;BOGOTÁ D.C. - IED. DIVINO MAESTRO;MANTENIMIENTO PREVENTIVO, CORRECTIVO Y REEMPLAZO DE LAS CERRADURAS DAÑADAS DEL COLEGIO;Bogotá D.C. : Bogotá D.C.;$ 15.202.183,00;22/11/2021
0;96;SED_CDM_025_2021;Régimen Especial;Convocado;BOGOTÁ D.C. - IED. DIVINO MAESTRO;RECARGA DE EXTINTORES;Bogotá D.C. : Bogotá D.C.;$ 1.197.140,00;22/11/2021
0;97;INVITACIÓN PÚBLICA 42-2021;Régimen Especial;Convocado;BOGOTÁ D.C. - COLEGIO HERNANDO DURAN DUSSAN I.E.D;ADECUACIÓN AULA EN ESTRUCTURA DE ALUMINIO, VIDRIO TEMPLADO Y POLICARBONATO EN ÁREA LUDOTECA-PRIMARIA.;Bogotá D.C. : Bogotá D.C.;$ 11.928.254,00;22/11/2021
0;99;15;Régimen Especial;Convocado;BOGOTÁ D.C. - IED. COLEGIO FANNY MIKEY;MANTENIMIENTO DE EQUIPO DE AGUAS POTABLES Y LLUVIAS;Bogotá D.C. : Bogotá D.C.;$ 1.832.000,00;22/11/2021
0;102;15;Régimen Especial;Convocado;BOGOTÁ D.C. - IED. COLEGIO FANNY MIKEY;MANTENIMIENTO DE EQUIPO DE AGUAS POTABLES Y LLUVIAS;Bogotá D.C. : Bogotá D.C.;$ 1.832.000,00;22/11/2021
0;105;62 - 2021;Régimen Especial;Convocado;BOGOTÁ D.C. - IED. COLEGIO ENRIQUE OLAYA HERRERA;DESTAPE, LIMPIEZA DE SEIS CAJAS DE INSPECCION QUE COMUNICA LOS BAÑOS DE BACHILLERATO Y ZONA DE PARQUEADERO;Bogotá D.C. : Bogotá D.C.;$ 930.000,00;22/11/2021
0;106;63 - 2021;Régimen Especial;Convocado;BOGOTÁ D.C. - IED. COLEGIO ENRIQUE OLAYA HERRERA;REPARAR Y AJUSTA PUERTAS EN ALUMINIO DE AULAS DEL SECTOR BACHILLERATO Y PRIMARIA Y CAMBIO DE GUARDAS CON EL FIN DE GARANTIZAR AL DOCENTE DICTAR CLASE SIN INTERFERENCIAS;Bogotá D.C. : Bogotá D.C.;$ 1.764.000,00;22/11/2021
0;107;033-2021;Régimen Especial;Convocado;BOGOTÁ D.C. - IED. MANUELA BELTRAN;Realizar los arreglos locativos menores predictivos, preventivos y recurrentes de la planta física a todo costo el cual incluye: mano de obra calificada, suministro de repuestos y/o materiales de alta calidad, transporte, recolección y disposición final de residuos que genere la obra, etc, del colegio en la sede A, de acuerdo con las especificaciones técnicas definidas en la presente convocatoria y en la cláusula segunda del futuro contrato.;Bogotá D.C. : Bogotá D.C.;$ 14.020.000,00;22/11/2021
0;108;34-2021;Régimen Especial;Convocado;BOGOTÁ D.C. - IED. ANDRÉS BELLO;CONTRATAR LA FUMIGACION Y EL LAVADO DE TANQUES DEL COLEGIO;Bogotá D.C. : Bogotá D.C.;$ 1.341.130,00;22/11/2021
0;109;33-2021;Régimen Especial;Convocado;BOGOTÁ D.C. - IED. PALERMO IEDIP;INSTALACION VIDEO BEAM AULA POLIVALENTE CON SISTEMA HDMI Y VGA;Bogotá D.C. : Bogotá D.C.;$ 767.500,00;22/11/2021
0;110;031-2021;Régimen Especial;Convocado;BOGOTÁ D.C. - IED. CARLOS ALBAN HOLGUIN;CONTRATAR UN PROVEEDOR QUE OTORGUE EL SERVICIO DE MANTENIMIENTO PREVENTIVO Y CORRECTIVO PARA LAS MOTOBOMBAS DE AGUA EN LA INSTITUCIÓN.;Bogotá D.C. : Bogotá D.C.;$ 4.522.000,00;22/11/2021
0;111;CAUR24;Régimen Especial;Convocado;BOGOTÁ D.C. - IED. LA AURORA;SUMINSITRO E INSTALACION DE TABLEROS ACRILICOS CON MALLA Y ARO PARA LAS CANCHAS;Bogotá D.C. : Bogotá D.C.;$ 5.573.960,00;22/11/2021
0;56;31-2021;Régimen Especial;Convocado;BOGOTÁ D.C. - IED. MANUEL DEL SOCORRO RODRIGUEZ - REP. DE ISRAEL;MANTENIMIENTO PREVENTIVO Y CORRECTIVO EN EL SISTEMA ELECTRICO DE LA INSTITUCION;Bogotá D.C. : Bogotá D.C.;$ 7.964.432,00;23-nov-21
0;58;PMC-RE-GUILLERMO LEON VALENCIA-IED-08-2021;Régimen Especial;Convocado;BOGOTÁ D.C. - IED. GUILLERMO LEON VALENCIA - ENGATIVA;SERVICIO DE MANTENIMIENTO PREVENTIVO Y CORRECTIVO DE LA UNICA SEDE DE LA IED;Bogotá D.C. : Bogotá D.C.;$ 15.000.000,00;23-nov-21
0;59;CRM-CD-028-2021;Régimen Especial;Convocado;BOGOTÁ D.C. - IED. COL. NAC. RESTREPO MILLAN;contratar el servicio de recarga y mateniemiento de extintores de todas las sedes a todo costo (Desocupado de extintores en cada sede).;Bogotá D.C. : Bogotá D.C.;$ 5.842.000,00;23-nov-21
0;60;CCB01-2021;Contratación Mínima Cuantía;Convocado;BOGOTÁ D.C. - IED. CEDID CIUDAD BOLÍVAR;MANTENIMIENTO DEL ENCERRAMIENTO PERIMETRAL HUERTA ZONA BLOQUE A Y C DEL COLEGIO, CON REMOCIÓN DE ÓXIDO LIJADA, LAVADA, SOLDADURA EN PUNTOS SUELTOS, APLICACIÓN DE PINTURA EN ANTICORROSIVO POR AMBAS CARAS Y TERMINADA CON PINTURA DE ACEITE TIPO 1 A DOS MANOS Y POR;Bogotá D.C. : Bogotá D.C.;$ 25.000.000,00;23/11/2021
0;61;RE DOFASA # 09 2021;Régimen Especial;Convocado;BOGOTÁ D.C. - IED. DOMINGO FAUSTINO SARMIENTO;MANTENIMIENTO INTEGRAL DE CANALES, BAJANTES Y CAJAS DE AGUAS LLUVIAS A TODO COSTO EN LAS SEDES A, B, C Y D DEL COLEGIO TECNICO DOMINGO FAUSTINO SARMIENTO IED.;Bogotá D.C. : Bogotá D.C.;$ 15.340.710,00;23/11/2021
0;64;23;Régimen Especial;Convocado;BOGOTÁ D.C. - IED. VILLA ELISA;Con el fin de garantizar el normal funcionamiento y el buen estado de todas las áreas del colegio, se considera necesario contratar el mantenimiento de Carpintería Metálica acorde a las necesidades de las 4 sedes de la IED;Bogotá D.C. : Bogotá D.C.;$ 14.680.000,00;23/11/2021
0;65;MPB-23-2021;Régimen Especial;Convocado;BOGOTÁ D.C. - IED. MISAEL PASTRANA BORRERO;MANTENIMIENTO GENERAL PREVENTIVO Y CORRECTIVO DE LA PLANTA DEL COLEGIO MISAEL PASTANA BORRERO I.E.D.;Bogotá D.C. : Bogotá D.C.;$ 12.754.780,00;23/11/2021
0;66;22;Régimen Especial;Convocado;BOGOTÁ D.C. - IED. REPUBLICA DEL ECUADOR;Contratar el mantenimiento preventivo y correctivo del ascensor de la sede nueva para mantener la garantía adquirida con la SED durante los meses de noviembre y diciembre;Bogotá D.C. : Bogotá D.C.;$ 2.513.994,00;23/11/2021
0;67;21-2021;Régimen Especial;Convocado;BOGOTÁ D.C. - IED. SOTAVENTO;MANTENIMIENTO ELECTRICO GENERAL EN EL COLEGIO SOTAVENTO I.E.D.;Bogotá D.C. : Bogotá D.C.;$ 6.000.100,00;23/11/2021
0;70;26 - 2021;Régimen Especial;Convocado;BOGOTÁ D.C. - IED. CASTILLA;Elaborar trabajos de mantenimiento preventivo y correctivo en el COLEGIO CASTILLA I.E.D relacionados con las canales y bajantes de la institución, a fin de evitar inundaciones, filtraciones de agua y deterioro de la planta física por humedades, así como prevenir el riesgo de enfermedad aguda por excrementos y nidos de palomas. Mantenimiento preventivo y correctivo hidráulico y sanitario;Bogotá D.C. : Bogotá D.C.;$ 18.170.000,00;23/11/2021
0;71;30-2021;Régimen Especial;Convocado;BOGOTÁ D.C. - IED. COLEGIO VEINTIÚN ÁNGELES;SE REQUIERE CONTRATAR A UNA PERSONA NATURAL O JURÍDICA QUE SE ENCUENTRE EN LA CAPACIDAD DE EFECTUAR EL SERVICIO DE RECARGA DE EXTINTORES, DESINSTALACIÓN E INSTALACIÓN NUEVAMENTE DE LOS MISMOS EN LAS SEDES A, B, C Y D. CONVOCATORIA 30-2021;Bogotá D.C. : Bogotá D.C.;$ 1.411.340,00;23/11/2021
0;72;CCBA 30 DE 2021;Régimen Especial;Convocado;BOGOTÁ D.C. - IED. CIUDAD BOLÍVAR ARGENTINA;SE HACE NECESARIO LA RECARGA DE EXTINTORES DEL COLEGIO CIUDAD BOLIVAR ARGENTINA IED DE SUS SEDES A Y B EN BENEFICIO DE LAS Y LOS ESTUDIANTES.;Bogotá D.C. : Bogotá D.C.;$ 922.000,00;23/11/2021
0;74;67 - 2021;Régimen Especial;Convocado;BOGOTÁ D.C. - IED. COLEGIO ENRIQUE OLAYA HERRERA;"MANO DE OBRA EXCABACION Y ADECIUACION DE TUBO DE 4"" DE AGUAS RESIDUALES DE LA CAJA SECUNDARIA A CAJA PRINCIPAL";Bogotá D.C. : Bogotá D.C.;$ 680.000,00;23/11/2021
0;75;28;Régimen Especial;Convocado;BOGOTÁ D.C. - COLEGIO JOSE JAIME ROJAS;SERVICIO DE LAVADO DE TANQUES Y FUMIGACION DE ZONAS COMUNES;Bogotá D.C. : Bogotá D.C.;$ 1.035.300,00;23/11/2021
0;76;CP43-2021;Régimen Especial;Convocado;BOGOTÁ D.C. - IED. ACACIA II;RECARGA DE EXTINTORES SEDE A Y B;Bogotá D.C. : Bogotá D.C.;$ 1.292.000,00;23/11/2021
0;77;33-2021;Régimen Especial;Convocado;BOGOTÁ D.C. - IED. ALTAMIRA SUR ORIENTAL;REALIZAR REPARACIONES LOCATIVAS MENORES EN LAS SEDES A, B Y C;Bogotá D.C. : Bogotá D.C.;$ 11.862.000,00;23/11/2021
0;28;55;Contratación Mínima Cuantía;Convocado;BOGOTÁ D.C. - IED. EL LIBERTADOR;SERVICIO DE ELABORACION DE DOS 2 DOMOS PARA LAS SEDES B Y C DEL COLEGIO EL LIBERTADOR IED;Bogotá D.C. : Bogotá D.C.;$ 19.032.000,00;24/11/2021
0;38;CONVOCATORIA REGIMEN ESPECIAL No. 010 -2021;Régimen Especial;Convocado;BOGOTÁ D.C. - IED. INEM SANTIAGO PEREZ;MANO DE OBRA Y/O MANO DE OBRA Y MATERIALES PARA TRABAJOS DE CARPINTERÍA METÁLICA, EN LAS SEDES A Y B, SEGÚN ALCANCE DEL OBJETO A CONTRATAR, SE DEBE COTIZAR PRECIOS UNITARIOS. RETIRO Y DISPOSICIÓN DE ESCOMBROS DE TODAS LAS ÁREAS INTERVENIDAS POR CUENTA DEL CONTRATISTA.;Bogotá D.C. : Bogotá D.C.;$ 15.900.000,00;24/11/2021
0;40;CITLG-RE-025-2021;Régimen Especial;Convocado;BOGOTÁ D.C. - IED. TÉCNICO LAUREANO GOMEZ;CONTRATAR LOS SERVICIOS DE ORNAMENTACION MENOR Y CERRAJERIA PARA LAS DEPENDENCIAS DEL COLEGIO INSTITUTO TECNICO LAUREANO GOMEZ.;Bogotá D.C. : Bogotá D.C.;$ 10.000.000,00;24/11/2021
0;41;CITDJDC -PRE 008 -2021;Régimen Especial;Convocado;BOGOTÁ D.C. - IED. TÉCNICO JUAN DEL CORRAL;CONTRATAR A TODO COSTO LOS SERVICIOS DE MANTENIMIENTO CORRECTIVO DE LAS CARPINTERÍAS METÁLICAS DE LOS BAÑOS DE LOS ALUMNOS DEL COLEGIO INSTITUTO TÉCNICO JUAN DEL CORRAL IED, EN SUS SEDES AY B.;Bogotá D.C. : Bogotá D.C.;$ 4.887.000,00;24/11/2021
0;54;CMCV-27;Régimen Especial;Convocado;BOGOTÁ D.C. - COLEGIO DISTRITAL MANUEL CEPEDA VARGAS;LIMPIEZA DE CANALES BAJANTES CAJAS DE AGUAS LLUVIA, RESIDUALES Y LIMPIEZA DE TERRAZAS;Bogotá D.C. : Bogotá D.C.;$ 17.745.000,00;24/11/2021
0;14;SA-21-2021;Régimen Especial;Convocado;BOGOTÁ D.C. - IED. SAN AGUSTIN;Mantenimiento preventivo y correctivo de los equipos de fotocopiado de la Institución.;Bogotá D.C. : Bogotá D.C.;$ 2.891.700,00;25/11/2021
0;17;23-2021;Régimen Especial;Convocado;BOGOTÁ D.C. - IED. MAGDALENA ORTEGA DE NARIÑO;El COLEGIO MAGDALENA ORTEGA DE NARIÑO I.E.D requiere contratar el servicio de fumigación en todas las áreas del colegio a nivel general (Aulas, Oficinas, baños, áreas permítales, zonas comunes, pasillos, depósitos de basura, parqueaderos, canchas, zonas verdes etc.) y control de vectores (palomas) del plantel educativo en cumplimiento del cronograma de mantenimiento para el Colegio en la Vigencia 2021.;Bogotá D.C. : Bogotá D.C.;$ 3.284.400,00;25/11/2021
0;11;38-2021;Régimen Especial;Convocado;BOGOTÁ D.C. - IED. LAS AMERICAS;VINILO ESMERIL SIN DISEÑO POR MTR CUADRADO 70 VINILO ESMERIL CON DISEÑO CORTE O IMPRESIÓN IMAGEN 22 SIMBOLOGRAMA INSTITUCIONALMATERIAL BASE ACRILICO, FONDO COLOR IMPRESIÓN DIGITALSIMBOLO INSTITUCIONAL Y TEXTOS Y FIGURAS POR LASER SOBRE ACRILICO ESPEJO TIPO BRONCE LUZ TIPO LED, FIJACIONCON ANCLAJE EN LA PARED, TAMAÑO DIAMETRO DE 2 MTRS 1;Bogotá D.C. : Bogotá D.C.;$ 10.472.000,00;26/11/2021
1;229;042 de 2021;Régimen Especial;Convocado;BOGOTÁ D.C. - IED. LICEO FEMENINO MERCEDES NARIÑO;servicios de arreglos, pintura e instalaciones de materiales de ornamentación;Bogotá D.C. : Bogotá D.C.;$ 6.085.000,00;12-nov-21
1;222;34;Régimen Especial;Convocado;BOGOTÁ D.C. - IED. GERMAN ARCINIEGAS;"Realizar impermeabilizaciones ,reparar filtraciones de agua en diferentes puntos,colocar llaves de pedal comedor Compensar,suministroeinstalacióndecintaantideslisanteenrampasdelcolegioretirandolas existentes que están en mal estado;";Bogotá D.C. : Bogotá D.C.;$ 7.492.500,00;16/11/2021
1;183;SA-31-2021;Régimen Especial;Convocado;BOGOTÁ D.C. - IED. SAN AGUSTIN;Mantenimiento de sillas interlocutoras España, incluye: Cambio de tapizado- pintura electroestática color negro y cambio de tapas.;Bogotá D.C. : Bogotá D.C.;$ 8.073.000,00;17/11/2021
1;195;35;Régimen Especial;Convocado;BOGOTÁ D.C. - IED. ESTANISLAO ZULETA;"Elaboración de una rampa en concreto en la zona de preescolar y hechura de materas en ladrillo en forma de sardinel alrededor de la rampa; todo esto en la sede B del colegio";Bogotá D.C. : Bogotá D.C.;$ 13.827.500,00;17/11/2021
1;146;No. RE-CCP-2021-024;Régimen Especial;Convocado;BOGOTÁ D.C. - IED. DE CULTURA POPULAR;DISEÑO E INSTALACION DE REJILLAS PARA CARCAMOS METALICOS PARA TRAFICO LIVIANO DEL COELGIO DE CULTURA POPULAR IED;Bogotá D.C. : Bogotá D.C.;$ 8.000.000,00;18/11/2021
1;151;CPF- PMINCU-007-2021;Contratación Mínima Cuantía;Convocado;BOGOTÁ D.C. - IED. PAULO FREIRE;MANTENIMIENTO PREVENTIVO, PREDICTIVO Y/O CORRECTIVO CON SUMINISTRO DE MATERIALES O REPUESTOS Y ATENCIÓN DE EMERGENCIAS DE MANTENIMIENTO DE CUBIERTA DE TODOS LOS BLOQUES, PORTERÍA Y BAÑOS DE PREESCOLAR DEL COLEGIO PAULO FREIRE.;Bogotá D.C. : Bogotá D.C.;$ 25.212.740,00;18/11/2021
1;166;CRAB-23-2021;Régimen Especial;Convocado;BOGOTÁ D.C. - IED. RODRIGO ARENAS BETACOURT;SERVICIO DE MANTENIMIENTO CORRECTIVO DEL MOBILIARIO DE LAS DOS SEDES DE LA INSTITUCIÓN;Bogotá D.C. : Bogotá D.C.;$ 15.000.000,00;18/11/2021
1;118;203;Contratación Mínima Cuantía;Convocado;BOGOTÁ D.C. - IED. INDUSTRIAL PILOTO;SUMINISTRO E INSTALACION DE DIVISIONES MODULARES EN EL AREA DE COORDINACION DE LA SEDE A DE LÑA INSTITUCION;Bogotá D.C. : Bogotá D.C.;$ 25.400.000,00;19/11/2021
1;125;GC-10-2021;Régimen Especial;Convocado;BOGOTÁ D.C. - IED. GRAN COLOMBIA;Mantenimiento y reparaciones locativas de la planta física de la sede única del Colegio Gran Colombia CED;Bogotá D.C. : Bogotá D.C.;$ 2.050.000,00;19/11/2021
1;112;CRE-22-2021;Régimen Especial;Convocado;BOGOTÁ D.C. - IED. CLEMENCIA DE CAYCEDO;SERVICIO DE ADECUACIÓN LABORATORIO DE FÍSICA Y VENTANA DE CAFETERÍA.;Bogotá D.C. : Bogotá D.C.;$ 16.576.853,00;21-nov-21
1;88;SA-19-2021;Contratación Mínima Cuantía;Convocado;BOGOTÁ D.C. - IED. SAN AGUSTIN;Contratar el servicio de mantenimiento hidráulico, eléctrico, mampostería, ornamentación y otros preventivo, correctivo, recurrente y predictivo integral de la planta de física de la sede A, Con terminados, a todo costo. Incluye mano de obra y materiales de excelente calidad, con ejecución de tracto sucesivo por el tiempo estipulado o hasta agotar los recursos del contrato;Bogotá D.C. : Bogotá D.C.;$ 25.000.000,00;22/11/2021
1;44;24;Régimen Especial;Convocado;BOGOTÁ D.C. - IED. VISTA BELLA;ADECUACION E INSTALACION DE DIVISIONES DE LA OFICINA DEL ALMACEN Y TRALADO Y ADECUACION DE LA BIBLIOTECA EN LA SEDE A, SEGUNDO PISO DEL COLEGIO.;Bogotá D.C. : Bogotá D.C.;$ 7.991.000,00;24/11/2021
1;46;43;Régimen Especial;Convocado;BOGOTÁ D.C. - IED. ESTANISLAO ZULETA;Instalación de 2 cabinas en la tarima sede A del colegio con su conexíon respectiva hasta la emisora del colegio. Mantenimiento y revisión de todo el sistema de sonido de la sede, incluyendo la revisión y mmto. De 4 cabinas peavey y 2 amplificadores de audio;Bogotá D.C. : Bogotá D.C.;$ 9.530.000,00;24/11/2021
1;49;34;Régimen Especial;Convocado;BOGOTÁ D.C. - IED. EL SALITRE SAN CARLOS DE SUBA;INTERVENCION Y ADECUACIONDE LA HUERTA ESCOLAR EN LA SEDE C, CON HECHURA DE INVERNADERO POR DESGASTE Y DETERIORO NATURAL.;Bogotá D.C. : Bogotá D.C.;$ 10.180.000,00;24/11/2021
1;3;CP39-2021;Régimen Especial;Convocado;BOGOTÁ D.C. - IED. ACACIA II;REVISION AJUSTE Y ACTUALIZACION CIRCUITO CERRADO PARA MEJORAR SEÑAL Y MANTENERLO EN FUNCIONAMIENTO;Bogotá D.C. : Bogotá D.C.;$ 7.318.500,00;29/11/2021
2;207;29;Contratación Mínima Cuantía;Convocado;BOGOTÁ D.C. - IED. MORALBA SURORIENTAL EL QUINDÍO;MANTENIMIENTO PREVENTIVO, PREDICTIVO E INTEGRAL EN CUANTO A PLANTA FISICA, MAMPOSTERIA, PAÑETES, PISOS, PODA, CUBIERTAS, SANITARIOS ENTRE OTROS PARA LAS TRES SEDES DEL COLEGIO MORALBA SUR ORIENTAL IED. CON TERMINADOS Y A TODO COSTO INCLUIDO MANO DE OBRA Y MATERIALES (DE OPTIMA CALIDAD) CON EJECUCIÓN DE TRACTO SUCESIVO POR EL TIEMPO ESTIPULADO O HASTA AGOTAR LOS RECURSOS DEL CONTRATO;Bogotá D.C. : Bogotá D.C.;$ 20.016.319,00;16/11/2021
2;211;SELECCION REGIMEN ESPECIAL CA-RE-014-2021;Régimen Especial;Convocado;BOGOTÁ D.C. - IED. ATENAS;Seleccionar en igualdad de oportunidades, a quién presente la mejor oferta, para la contratación a título de obra. Cubierta en domo, costado biblioteca y otras reparaciones locativas. según especificaciones del anexo técnico. gasto incluido en nuestros PAA;Bogotá D.C. : Bogotá D.C.;$ 14.356.000,00;16/11/2021
2;82;45-2021;Régimen Especial;Convocado;BOGOTÁ D.C. - IED. JOSE FELIX RESTREPO;Adecuación zona cicloparqueadero.;Bogotá D.C. : Bogotá D.C.;$ 18.172.500,00;22/11/2021
2;101;26-2021;Régimen Especial;Convocado;BOGOTÁ D.C. - IED. RURAL PASQUILLA;adecuacion de la primera etapa de la cubierta tipo domo de la sede A seccion primaria;Bogotá D.C. : Bogotá D.C.;$ 17.730.000,00;22/11/2021
2;29;7;Régimen Especial;Convocado;BOGOTÁ D.C. - IED. RUFINO JOSE CUERVO;MANTENIMIENTO A TODO COSTO DE LA PLANTA FÍSICA DE LAS CUATRO SEDES DE LA INSTITUCIÓN;Bogotá D.C. : Bogotá D.C.;$ 16.500.000,00;24/11/2021
2;31;11;Régimen Especial;Convocado;BOGOTÁ D.C. - IED. RUFINO JOSE CUERVO;MANTENIMIENTO A TODO COSTO DE LA PARTE ELÉCTRICA DE LAS CUATRO SEDES DE LA INSTITUCIÓN;Bogotá D.C. : Bogotá D.C.;$ 10.000.000,00;24/11/2021
2;43;CGN-RCD-202128;Régimen Especial;Convocado;BOGOTÁ D.C. - IED. GARCES NAVAS;SERVICIO DE MANTENIMIENTO Y REPARACIÓN DE LA MOTOBOMBA DEL COLEGIO GARCÉS NAVAS IED A TODO COSTO INCLUYENDO REPUESTOS Y ELEMENTOS NECESARIOS PARA SU FUNCIONAMIENTO;Bogotá D.C. : Bogotá D.C.;$ 3.600.000,00;24/11/2021
2;51;39;Régimen Especial;Convocado;BOGOTÁ D.C. - IED. HELADIA MEJIA;INTALACION Y ASEGURAMIENTO DE EXTENCIONES Y CABLES DE PODER DE TELEVISORES DE LA INSTITUCION.;Bogotá D.C. : Bogotá D.C.;$ 809.000,00;24/11/2021
2;55;5200000;Régimen Especial;Convocado;BOGOTÁ D.C. - IED. CAMPESTRE MONTE VERDE;SUMINISTRO E INSTALACION DE PASA MENSAJES, ARREGLO AULA AMIGA SEDE B, ARREGLOS ELECTRICOS;Bogotá D.C. : Bogotá D.C.;$ 5.200.000,00;24/11/2021
3;150;PSA-CSC-005-2021;Selección Abreviada de Menor Cuantía (Ley 1150 de 2007);Convocado;CUNDINAMARCA - CORPORACIÓN SOCIAL DE CUNDINAMARCA;SELECCIONAR LA PERSONA JURIDICA, NATURAL, CONSORCIO, UNION TEMPORAL Y/O PROMESA DE SOCIEDAD FUTURA PARA LLEVAR A CABO MANTENIMIENTO Y ADECUACION AL INMUEBLE DE PROPIEDAD DE LA CORPORACION SOCIAL DE CUNDINAMARCA UBICADO EN LA CALLE 39ª Nº 18-05 DE LA CIUDAD DE BOGOTÁ.;Bogotá D.C. : Bogotá D.C.;$ 254.207.864,00;18/11/2021
3;155;CONVOCATORIA PÚBLICA 2021-0446 / 2021-0383;Contratos y convenios con más de dos partes;Convocado;INSTITUTO NACIONAL DE CANCEROLOGÍA;REALIZAR LAS ADECUACIONES EN LA CUBIERTA DEL EDIFICIO ADMINISTRATIVO PARA SOLUCIONAR LAS FILTRACIONES DE AGUAS LLUVIAS Y REALIZAR LAS ADECUACIONES EN LAS REDES DE DESAGÜE PARA DIRECCIONAR LAS REDES RESIDUALES A LA PTAR Y LAS REDES DE AGUAS LLUVIAS A LAS REDES PÚBLICAS EVITANDO LA MEZCLA DE LAS AGUAS LLUVIAS Y RESIDUALES DEL INSTITUTO COMO MEJORA EN SU INFRAESTRUCTURA.;Bogotá D.C. : Bogotá D.C.;$ 473.573.348,00;18/11/2021
3;142;34-2021-RE-COLSAMBER;Régimen Especial;Convocado;BOGOTÁ D.C. - IED. SAN BERNARDINO;MANTENIMIENTO DE PUPITRES;Bogotá D.C. : Bogotá D.C.;$ 5.201.348,00;19/11/2021
3;98;26-2021;Régimen Especial;Convocado;BOGOTÁ D.C. - IED. RURAL PASQUILLA;adecuacion de la primera etapa de la cubierta tipo domo de la sede A seccion primaria;Bogotá D.C. : Bogotá D.C.;$ 17.730.000,00;22/11/2021
3;30;9;Régimen Especial;Convocado;BOGOTÁ D.C. - IED. RUFINO JOSE CUERVO;MANTENIMIENTO HIDRÁULICO DE LAS CUATRO SEDES DE LA INSTITUCIÓN;Bogotá D.C. : Bogotá D.C.;$ 15.000.000,00;24/11/2021
3;33;21;Régimen Especial;Convocado;BOGOTÁ D.C. - IED. EL LIBERTADOR;SERVICIO DE MANTENIMIENTO Y REPRACIONES DIVERSAS PARA LAS TRES SEDES DEL COLEGIO;Bogotá D.C. : Bogotá D.C.;$ 18.000.000,00;24/11/2021
3;34;CAF- 50;Régimen Especial;Convocado;BOGOTÁ D.C. - IED. AGUSTIN FERNANDEZ;CONTRATAR TRABAJOS VARIOS E IMPREVISTOS DE MANTENIMIENTO DE PLANTA FISICA EN LAS 4 SEDES, HASTA AGOTAR EL PRESUPUESTO ASIGNADO.;Bogotá D.C. : Bogotá D.C.;$ 5.000.000,00;24/11/2021
3;21;56;Régimen Especial;Convocado;BOGOTÁ D.C. - IED. EL LIBERTADOR;SERVICIO DE SUMINSITRO E INSTALACION DE ACOMETIDA ELECTRICA;Bogotá D.C. : Bogotá D.C.;$ 14.550.428,00;25/11/2021
4;224;2021-19;Régimen Especial;Convocado;BOGOTÁ D.C. - IED. FRANCISCO DE PAULA SANTANDER - BOSA;mantenimiento y pintura de todas estructuras metálicas del colegio;Bogotá D.C. : Bogotá D.C.;$ 17.999.994,00;15/11/2021
4;162;23-2021;Régimen Especial;Convocado;BOGOTÁ D.C. - IED. RURAL PASQUILLA;adelantar la adecuación de la primera etapa de instalación de mallas protectoras de la cancha multiple Auxiliar ubicada en la sede A sección secundaria .;Bogotá D.C. : Bogotá D.C.;$ 18.000.022,00;18/11/2021
4;132;33-2021;Régimen Especial;Convocado;BOGOTÁ D.C. - IED. CEDID CIUDAD BOLÍVAR;MANTENIMIENTO EQUIPO A MUEBLES DE OFICINAS DE ORIENTACIÓN, LIJADO, PINTURA EN ESCRITORIOS, TAPIZADA DE SILLAS, ARREGLO Y MANTENIMIENTO DE CORTINAS BLACK OUT CON REPOSICIÓN DE PIEZAS FALTANTES,;Bogotá D.C. : Bogotá D.C.;$ 9.200.000,00;19/11/2021
4;137;33/21;Régimen Especial;Convocado;BOGOTÁ D.C. - IED. COSTA RICA - PUERTA DE TEJA;FABRICACION DE CAPUCHA EN ESTRUCTURA METALICA DE OPTIMA CALIDAD EN HIERRO LAMINA Y TEJAR CON POLICARBONATO EN EL CENTRO DE PATIO PRINSIPAL DE LA SEDE A DEL COLEGIO COSTA RICA IED;Bogotá D.C. : Bogotá D.C.;$ 18.160.000,00;19/11/2021
4;62;13-2021;Régimen Especial;Convocado;BOGOTÁ D.C. - IED. SOTAVENTO;MANTENIMIENTO GENERAL DE LA INSTITUCUON Y ADECUACIONES A TODO COSTO.;Bogotá D.C. : Bogotá D.C.;$ 10.575.530,00;23/11/2021
4;32;13;Régimen Especial;Convocado;BOGOTÁ D.C. - IED. RUFINO JOSE CUERVO;MANTENIMIENTO PREVENTIVO Y CORRECTIVO DEL EQUIPO DE BOMBEO DE AGUA POTABLE SEDE A;Bogotá D.C. : Bogotá D.C.;$ 1.650.000,00;24/11/2021
4;42;27-2021;Régimen Especial;Convocado;BOGOTÁ D.C. - IED. ALEXANDER FLEMING;HECHURA DE TECHO EN PVC CUARTO DE VIGILANTES ARREGLOS ELECTRICOS RESANE Y ESTUCADA CUARTO ENTRADA AL COLEGIO;Bogotá D.C. : Bogotá D.C.;$ 11.430.000,00;24/11/2021
4;53;CMCV-27;Régimen Especial;Convocado;BOGOTÁ D.C. - COLEGIO DISTRITAL MANUEL CEPEDA VARGAS;MANTENIMENTO ELECRICO;Bogotá D.C. : Bogotá D.C.;$ 10.920.000,00;24/11/2021
4;1;20-2021;Selección Abreviada de Menor Cuantía (Ley 1150 de 2007);Convocado;BOGOTÁ D.C - COLEGIO RURAL JOSE CELESTINO MUTIS;adelantar la fase de adecuación de pantallas de la tercera planta y de la placa de concreto armado que servirá como cubierta de la tercera planta y piso de la planta 4 en el marco del proceso que permitirá la habilitación de la tercera planta del observatorio astronómico del Colegio Rural José Celestino Mutis -IED.;Bogotá D.C. : Bogotá D.C.;$ 88.972.167,00;29/09/2023
5;218;RE-CC-11-2021;Régimen Especial;Convocado;BOGOTÁ D.C. - IED. CLASS;Adecuacion de tejado Sede A Colegio Class IED;Bogotá D.C. : Bogotá D.C.;$ 17.000.000,00;16/11/2021
5;168;CAUR13;Régimen Especial;Convocado;BOGOTÁ D.C. - IED. LA AURORA;SUMINISTRO E INSTALACION MALLAS DE VENTILACION SALONES, DESTAPADA DE BAÑOS Y LAVAMANOS SOLDA DE PUERTAS, PODADA DE PASTO;Bogotá D.C. : Bogotá D.C.;$ 15.805.000,00;18/11/2021
5;13;CMZ34-2021;Contratación Mínima Cuantía;Convocado;BOGOTÁ D.C. - COLEGIO MANUEL ZAPATA OLIVELLA IED;EL COLEGIO MANJEL ZAPATA REQUIERE LABORES DE SUMINISTRO E INSTALACION DE ESTRUCTURA PARA CAMPO DEPORTIVO 3 PISO INCLUYE MATERIALES Y MANO DE OBRA;Bogotá D.C. : Bogotá D.C.;$ 18.921.000,00;25/11/2021
5;22;INVITACIÓN PÚBLICA 43-2021;Régimen Especial;Convocado;BOGOTÁ D.C. - COLEGIO HERNANDO DURAN DUSSAN I.E.D;ADECUACIÓN ESPACIO MEDIANTE ESTRUCTURA EN LADRILLO PRENSADO MACIZO CON ALTURA DE 45 CM Y ANCHO 25 CM EN ÁREA CONTIGUA A COMEDOR ESCOLAR.;Bogotá D.C. : Bogotá D.C.;$ 8.000.000,00;25/11/2021
5;23;020-2021;Régimen Especial;Convocado;BOGOTÁ D.C. - IED. LUIS ANGEL ARANGO;CONTRATRAR EL MANTENIENTO Y HABILITACION GENERAL DE PUPITRES UNIPERSONALES Y BIBLIOBANCOS;Bogotá D.C. : Bogotá D.C.;$ 2.049.950,00;25/11/2021
5;25;36;Régimen Especial;Convocado;BOGOTÁ D.C. - IED. EL SALITRE SAN CARLOS DE SUBA;REALIZAR EL MANTENIMIENTO DE SILLAS, PUPITRES, MESAS, LOKER, TANDEM, ARMARIOS, (MEJORAMIENTO Y RECUPERACIÓN DE LOS DIFERENTES MUEBLES Y ENSERES;Bogotá D.C. : Bogotá D.C.;$ 6.809.000,00;25/11/2021
6;152;47;Régimen Especial;Convocado;BOGOTÁ D.C. - IED. CIUDAD DE BOGOTÁ;REPARACIONES Y MANTENIMIENTO MOBILIARIO ESCOLAR - MESAS DE DIBUJO AJUSTE Y REPARACION GLOBAL DE ELEMENTO, REPARACION DE SILLAS Y BUTACAS, CAMBIO DE PAÑO Y/O ASIENTOS EN MADERA-PLASTICO.;Bogotá D.C. : Bogotá D.C.;$ 4.790.000,00;18/11/2021
6;84;CVP-MC-23-2021;Contratación Mínima Cuantía;Convocado;BOGOTÁ D.C. - IED. VILLAS DEL PROGRESO;Contratar mano de obra para raspar, resanar, pulir, pintar paredes de áreas específicas, raspar, pulir y pintar media caña baños del primero, tercero, quinto piso bloque 2 a todo costo, en sede Santafé el colegio suministra la pintura los demás materiales los debe suministrar el contratista.;Bogotá D.C. : Bogotá D.C.;$ 25.420.000,00;22/11/2021
6;63;CONVOCATORIA REGIMEN ESPECIAL No. 009 -2021;Régimen Especial;Convocado;BOGOTÁ D.C. - IED. INEM SANTIAGO PEREZ;MANO DE OBRA Y/O MANO DE OBRA Y MATERIALES PARA MANTENIMIENTO DE LA RED DE AGUAS NEGRAS, BLANCAS Y LLUVIAS, SEDES A Y B, SEGÚN ALCANCE DEL OBJETO A CONTRATAR. RETIRO Y DISPOSICIÓN DE ESCOMBROS DE TODAS LAS ÁREAS INTERVENIDAS POR CUENTA DEL CONTRATISTA.;Bogotá D.C. : Bogotá D.C.;$ 14.470.000,00;23/11/2021
6;69;25;Régimen Especial;Convocado;BOGOTÁ D.C. - IED. VILLA ELISA;Contratar el mantenimiento y/o cambio de cubiertas acorde a las necesidades de las 4 sedes de la IED;Bogotá D.C. : Bogotá D.C.;$ 16.839.000,00;23/11/2021
6;19;MADGIED-RE-27-2021;Régimen Especial;Convocado;BOGOTÁ D.C. - IED. MANUELA AYALA DE GAITÁN;72101509 Servicio de Mantenimiento o reparación de equipos y sistemas de protección contra incendios - SERVICIO DE MANTENIMIENTO PREVENTIVO, CORRECTIVO Y PREDICTIVO DE LOS EQUIPOS DE PRESIÓN DE AGUA POTABLE (MOTOBOMBAS) DE LAS SEDES A Y B DEL COLEGIO: Que consta de ajustes mecánicos, limpieza, lubricación en general y programación, mantenimiento correctivo - predictivo que consta del reemplazo de partes como son: unidades eléctricas, embobinados, repuestos de rotación indispensables necesarios, como rodamientos, bandas, engranajes, empaques, uñas, rodillos, escobillas, cableado, discos, sellos mecánicos, válvulas, registros de paso, cheques cortina, tubería - accesorios, flotadores, niples, automáticos, presostatos, pulsadores, tornillería y los demás para el óptimo funcionamiento del equipo, El proponente seleccionado cumplirá con asistencias técnicas durante la duración de la garantía de calidad y durabilidad del servicio suministrado, en el evento que el equipo se bloquee o deje de funcionar por motivos de operacionalita, requerimientos de salubridad y las veces que sea necesario, el técnico dependiente del contratista atenderá la solicitud dentro de las tres horas hábiles siguientes de haber recibido el reporte de la novedad. VER ANEXO TÉCNICO Nº 01 Garantía de funcionamiento y asistencia técnica de operación cada vez que sea necesario, costo incluido dentro de la propuesta, mínimo cinco (5) meses;Bogotá D.C. : Bogotá D.C.;$ 5.650.000,00;25/11/2021
6;20;29 - 2021;Régimen Especial;Convocado;BOGOTÁ D.C. - IED. CASTILLA;Elaborar trabajos de mantenimiento preventivo y correctivo asociados con electricidad, (incluida mano de obra y suministro), con los cuales se garantiza la seguridad y funcionamiento adecuado de los espacios de la institución.;Bogotá D.C. : Bogotá D.C.;$ 15.270.671,00;25/11/2021
6;4;RE CMMC 25 DE 2021;Régimen Especial;Convocado;BOGOTÁ D.C. - IED. COLEGIO MARÍA MERCEDES CARRANZA;SEHACENECESARIOLAADECUACIONDECUARTOSENMALLAONDULADA,TUBOGALVANIZADOYBICICLETEROENBENEFICIO DE LAS Y LOS ESTUDIANTES DE LA INSTITUCIO EDUCATIVA.;Bogotá D.C. : Bogotá D.C.;$ 4.799.999,00;29/11/2021
7;169;38;Régimen Especial;Convocado;BOGOTÁ D.C. - IED. ESTANISLAO ZULETA;"Construcción de una canaleta en cemento frente al salón de preescolar; Resane y mantenimiento de las paredes y columnas que separan el patio de recreo de está zona de preescolar. Mantenimiento y pintura general de todas las rejas de la misma zona e instalación de unas rejas en los cárcamos del patio adyacente a la cancha. Todos estos trabajos son en la sede B del colegio";Bogotá D.C. : Bogotá D.C.;$ 6.303.500,00;18/11/2021
7;134;PMC 2021-14;Régimen Especial;Convocado;BOGOTÁ D.C. - IED. LOS TEJARES;ARREGLO DE ESCAPE DE AGUA POTABLE Y OTROS DAÑOS EN LAS DOS SEDES Y SUMINISTRO DE MATERIALES NECESARIOS PARA EL BUEN FUNCIONAMEINTO DEL COLEGIO;Bogotá D.C. : Bogotá D.C.;$ 11.301.000,00;19/11/2021
7;85;RLB-043-2021;Régimen Especial;Convocado;BOGOTÁ D.C. - IED. RODRIGO LARA BONILLA;INTERVENCIÓN, SUMINISTRO E INSTALACIÓN PARA ADECUACIÓN DE UN CUARTO DE BODEGA DE LA SEDE A,;Bogotá D.C. : Bogotá D.C.;$ 18.050.000,00;22-nov-21
7;87;CPF- PMINCU-009-2021;Contratación Mínima Cuantía;Convocado;BOGOTÁ D.C. - IED. PAULO FREIRE;MANTENIMIENTO PREVENTIVO, PREDICTIVO Y/O CORRECTIVO CON SUMINISTRO DE MATERIALES DE MALLA PERIMETRAL DE TODO EL COLEGIO PAULO FREIRE. CONTRATO MEDIANTE SISTEMA DE BOLSA DE PRODUCTOS DE PRECIOS UNITARIOS INCLUYENDO MATERIALES Y MANO DE OBRA.;Bogotá D.C. : Bogotá D.C.;$ 24.456.310,00;22/11/2021
7;27;202;Contratación Mínima Cuantía;Convocado;BOGOTÁ D.C. - IED. INDUSTRIAL PILOTO;ADECUACIONES ELECTRICAS PARA EL TALLER DE MECANICA INDUSTRIAL DE LA INSTITUCION A TODO COSTO INCLUIDO MANO DE OBRA SUMINISTROS Y MATERIALES DE ALTA CALIDAD;Bogotá D.C. : Bogotá D.C.;$ 25.400.000,00;24/11/2021
7;37;CONVOCATORIA REGIMEN ESPECIAL No. 008 -2021;Régimen Especial;Convocado;BOGOTÁ D.C. - IED. INEM SANTIAGO PEREZ;MANO DE OBRA Y/O MANO DE OBRA Y MATERIALES PARA MANTENIMIENTO Y ARREGLOS ELÉCTRICOS, SEDES A Y B, SEGÚN ALCANCE DEL OBJETO A CONTRATAR. RETIRO Y DISPOSICIÓN DE ESCOMBROS DE TODAS LAS ÁREAS INTERVENIDAS POR CUENTA DEL CONTRATISTA;Bogotá D.C. : Bogotá D.C.;$ 14.505.160,00;24/11/2021
7;47;41;Régimen Especial;Convocado;BOGOTÁ D.C. - IED. RAFAEL NUÑEZ;ARREGLOS Y MANTENIMIENTOS LOCATIVOS;Bogotá D.C. : Bogotá D.C.;$ 10.000.000,00;24/11/2021
7;16;21/21;Régimen Especial;Convocado;BOGOTÁ D.C. - IED. GRAN YOMASA;SE HCE NECESARIO CONTRATAR LA MANO DE OBRA DE ESTRUCTURA DE TECHO LIVIANO EN ZONA LUDICA PARA BENEFICIO DE LOS ESTUDIANTES DE COLEGIO GRAN YOMASA I.E.D.;Bogotá D.C. : Bogotá D.C.;$ 11.000.000,00;25/11/2021
7;10;28;Régimen Especial;Convocado;BOGOTÁ D.C. - IED. VILLA ELISA;CONTRATAR EL MANTENIMIENTO ELECTRICO PARA LAS CUATRO SEDES;Bogotá D.C. : Bogotá D.C.;$ 7.294.700,00;26/11/2021
7;2;34;Régimen Especial;Convocado;BOGOTÁ D.C. - IED. HELADIA MEJIA;Contratar el mantenimiento eléctrico de las sedes Ay B de la institución;Bogotá D.C. : Bogotá D.C.;$ 7.700.000,00;29/11/2021
8;234;INVITACION A COTIZAR OC0106-2021;Régimen Especial;Convocado;BOGOTÁ D.C. - E.S.E. HOSPITAL UNIVERSITARIO DE LA SAMARITANA;ADECUACIÓN Y MANTENIMIENTO DE LAS ÁREAS DE UNIDADES SANITARIAS CORRESPONDIENTE AL SERVICIO DE APOYO DE EDUCACIÓN MÉDICA DE LA E.S.E. HOSPITAL UNIVERSITARIO DE LA SAMARITANA DE BOGOTA, MEDIANTE EL SISTEMA DE CONTRATACIÓN DE PRECIOS UNITARIOS FIJOS.;Bogotá D.C. : Bogotá D.C.;$ 47.165.513,00;12/11/2021
8;206;ALC SAMC 019 2021;Selección Abreviada de Menor Cuantía (Ley 1150 de 2007);Convocado;BOGOTÁ D.C. - IED. ALBERTO LLERAS CAMARGO;ADELANTAR OBRAS DE MEJORAMIENTO, MANTENIMIENTO PREVENTIVO Y PREDICTIVO INTEGRAL CON LA IMPERMEABILIZACIÓN DE CUBIERAS PLANAS, INSTALACIÓN DE ADOQUIN Y CAMBIO PARCIAL DE CUBIERTA DE LA SEDE ÚNICA A TODO COSTO, CON EJECUCIÓN DE TRACTO SUCESIVO POR EL TIEMERIALES (BUENA CALIDAD) CON EJECUCIÓN DE TRACTO SUCESIVO POR EL TIEMPO ESTIPULADO O HASTA AGOTAR LOS RECURSOS DEL CONTRATO ACORDE A LA FICHA TÉCNICA, CON EL FIN DE ATENDER LOS REQUERIMIENTOS Y NECESIDADES EN TÉRMINOS DE INFRAESTRUCTURA PARA LA PRESTACIÓN DEL SERVICIO EDUCATIVO.;Bogotá D.C. : Bogotá D.C.;$ 66.665.707,00;16/11/2021
8;180;18-2021 Pintura de la sede C Antonio José de Sucr;Contratación Mínima Cuantía;Convocado;BOGOTÁ D.C. - IED. USMINIA;Pintura de la sede C Antonio José de Sucre, que incluye áreas internas y externas de la institución en su totalidad según las especificaciones técnicas establecidas por la institución.;Bogotá D.C. : Bogotá D.C.;$ 13.299.000,00;17/11/2021
8;124;17-2021;Régimen Especial;Convocado;BOGOTÁ D.C. - IED. JORGE GAITÁN CORTES;REALIZAR A TODO COSTO, TIPO BOLSA EL RESANE Y PINTURA DE LAS AULAS DE CLASE, PASILLOS Y FACHADAS DE LAS SEDES A, B Y C, SIN TIPO DE REAJUSTE Y VALOR A PRECIOS UNITARIOS.;Bogotá D.C. : Bogotá D.C.;$ 18.000.000,00;19/11/2021
8;126;CRUE-PMC-015-2021;Régimen Especial;Convocado;BOGOTÁ D.C. - IED. COLEGIO RURAL EL UVAL USME;instalacion de piso en danzas tipo madera.;Bogotá D.C. : Bogotá D.C.;$ 5.240.000,00;19/11/2021
8;144;CAU-031-2021;Régimen Especial;Convocado;BOGOTÁ D.C. - IED. ALEMANIA UNIFICADA;"Contratar la prestación de los servicios de mantenimiento preventivo y correctivo de la planta física correspondiente al mejoramiento con enchape, pintura, limpieza canaletas y bajantes de algunas áreas de las sedes debido a la Humedad, poda sede A y otros arreglos necesarios; lo anterior con el ánimo de garantizar el cuidado de la institución, y facilite el proceso de reapertura gradual, progresivo y seguro; Siguiendo los protocolos de bioseguridad establecidos por el ministerio de salud y protección social y la secretaría distrital de salud en aras de mitigar la propagación de la pandemia de coronavirus COVID-19.";Bogotá D.C. : Bogotá D.C.;$ 17.570.000,00;19/11/2021
8;57;MC-JMR-2020-015;Contratación Mínima Cuantía;Convocado;BOGOTÁ D.C. - IED. JOSE MANUEL RESTREPO;REALIZAR A TODO COSTO LA PINTURA DE AULAS, FACHADAS, PUERTAS, PATIO DE PREESCOLAR DEL BLOQUE B;Bogotá D.C. : Bogotá D.C.;$ 24.203.093,00;23/11/2021
8;68;CRM-CD-025-2021;Régimen Especial;Convocado;BOGOTÁ D.C. - IED. COL. NAC. RESTREPO MILLAN;contratar los servicios para adecuar el baño de las docentes y la sala de docentes ubicada en la sede A con terminados, a todo costo, incluido mano de obra, materiales de óptima calidad, equipos necesarios para la ejecución de la labor, con limpieza y retiro de escombros de la obra.;Bogotá D.C. : Bogotá D.C.;$ 10.855.000,00;23/11/2021
8;73;24;Régimen Especial;Convocado;BOGOTÁ D.C. - IED. LA CHUCUA;ADECUACION ALCANTARILLADO, DESAGÜES Y OTRAS ACTIVIDADES RELACIONADAS CON EL MANTENIMIENTO GENERAL DE LA INSTITUCION;Bogotá D.C. : Bogotá D.C.;$ 12.745.000,00;23/11/2021
8;36;CGN-RCD-202124;Régimen Especial;Convocado;BOGOTÁ D.C. - IED. GARCES NAVAS;SUMINISTRO E INSTALACIÓN BALDOSA GRANITO 33 X 33 BH5, DESTRONQUE, PULIDO, INCLUYE GUARDAESCOBA BISELADO Y DEMOLICION DE PISOS EN BALDOSIN, INCLUYE GUARDAESCOBA, RETIRO DE SOBRANTES Y TRASLADO DE LOS MISMOS AL BOTADERO AUTORIZADO.;Bogotá D.C. : Bogotá D.C.;$ 16.570.750,00;24/11/2021
8;39;CONVOCATORIA REGIMEN ESPECIAL No. 011 -2021;Régimen Especial;Convocado;BOGOTÁ D.C. - IED. INEM SANTIAGO PEREZ;MANO DE OBRA Y/O MANO DE OBRA Y MATERIALES PARA TRABAJOS DE ARREGLO EN PISOS, EN LAS SEDES A Y B, SEGÚN ALCANCE DEL OBJETO A CONTRATAR, SE DEBE COTIZAR PRECIOS UNITARIOS. RETIRO Y DISPOSICIÓN DE ESCOMBROS DE TODAS LAS ÁREAS INTERVENIDAS ES POR CUENTA DEL CONTRATISTA.;Bogotá D.C. : Bogotá D.C.;$ 16.138.738,00;24/11/2021
8;48;25;Régimen Especial;Convocado;BOGOTÁ D.C. - IED. VISTA BELLA;DESMONTE DE PLAFONES FALSO TECHO, NIVELADO Y LIMPIEZA ESCTRUCTURA DE LAS AULAS 4,5,6 Y 7, EN LAS OFICINAS DE PROFESORES, COORDINACION Y PASILLO DEL SEGUNDO PISO, DE LA SEDE C.;Bogotá D.C. : Bogotá D.C.;$ 16.317.000,00;24/11/2021
8;12;26-2021;Contratación Mínima Cuantía;Convocado;BOGOTÁ D.C. - IED. BOSANOVA;ADECUACIÓN, MANTENIMIENTO PREDICTIVO Y PREVENTIVO INCLUIDO MANO DE OBRA Y MATERIALES, A LA CUBIERTA DE LA AZOTEA DEL COLEGIO BOSANOVA IED SEDE A.;Bogotá D.C. : Bogotá D.C.;$ 25.000.000,00;25/11/2021
8;6;CE-010-21;Régimen Especial;Convocado;BOGOTÁ D.C. - IED. ESPAÑA;CONTRATACION TRABAJOS MANTENIMIENTO A TODO COSTO ELABORACION MESON, LEVANTAR MANTO VULCANIZADO , ELABORACION PUERTAS, INSTALACION CANAL Y ELABORACION CUBIERTA;Bogotá D.C. : Bogotá D.C.;$ 18.568.000,00;27/11/2021
8;8;PROCESO 017-CEP-2021;Régimen Especial;Convocado;BOGOTÁ D.C. - IED. EL PORVENIR;El Colegio El Porvenir requiere contratar los servicios de mantenimiento preventivo, recurrente y predictivo de las DIVISIONES DE BAÑOS CON PUERTAS EN VIDRIO TEMPLADO DE SEGURIDAD/ACERO INOXIDABLE Y TAPAS CON MARCO DE LOS TANQUES SUBTERRANEOS EN ACERO INOXIDABLE, DE LAS DOS SEDES DE LA INSTITUCION, A TODO COSTO, incluido la mano de obra y materiales (de buena calidad).;Bogotá D.C. : Bogotá D.C.;$ 18.170.000,00;27/11/2021
8;35;028-2021;Régimen Especial;Convocado;BOGOTÁ D.C. - IED. MANUELA BELTRAN;Suministro e instalación a todo costo de lámparas de emergencia de luz led (2x1.6 watts) con botón de prueba e indicador de carga, con una autonomía de mínimo 180 minutos, debe incluir: conexión, cableado, tubería EMT para red de suministro eléctrico, dando alcance a los protocolos de bioseguridad que se establecieron a partir de las condiciones y restricciones sanitarias, para evitar y prevenir la propagación del COVID -19;Bogotá D.C. : Bogotá D.C.;$ 4.730.000,00;24/11/2021
9;226;SED_CDM_027_2021;Contratación Mínima Cuantía;Convocado;BOGOTÁ D.C. - IED. DIVINO MAESTRO;CONTRATAR LA PINTURA GENERAL DE LAS SEDES DEL COLEGIO DIVINO MAESTRO IED;Bogotá D.C. : Bogotá D.C.;$ 25.278.000,00;12/11/2021
9;204;CBB-31-2021;Régimen Especial;Convocado;BOGOTÁ D.C. - IED. BRASILIA - BOSA;Realizar mantenimiento de pintura de techos, puertas, oficinas, salones y demás en las tres sedes del colegio, conforme a las necesidades presentadas, empleando los protocolos de bioseguridad que se establecieron a partir de las condiciones y restricciones sanitarias, para evitar y prevenir la propagación del COVID -19.;Bogotá D.C. : Bogotá D.C.;$ 15.356.066,00;16-nov-21
9;210;29;Régimen Especial;Convocado;BOGOTÁ D.C. - IED. RUFINO JOSE CUERVO;REALIZAR LA PINTURA GENERAL DE LAS SEDES B, C Y PINTURA DE PUERTAS Y PASAMANOS SEDE A.;Bogotá D.C. : Bogotá D.C.;$ 17.955.920,00;16/11/2021
9;149;CM-25-2021;Régimen Especial;Convocado;BOGOTÁ D.C. - IED. MORISCO;PINTURA GENERAL DEL COLEGIO SEGÚN ESTUDIO PREVIOS;Bogotá D.C. : Bogotá D.C.;$ 18.036.000,00;18-nov-21
9;170;16;Régimen Especial;Convocado;BOGOTÁ D.C. - IED. BRASILIA - USME;RESANAR, PINTAR TODOS LOS SALONES Y OFICINAS DE LA INSITUCION Y ALGUNAS PARTES EXTERIORES POR ENCONTRARSE DETERIORADAS;Bogotá D.C. : Bogotá D.C.;$ 17.480.000,00;18/11/2021
9;172;38;Régimen Especial;Convocado;BOGOTÁ D.C. - IED. GERMAN ARCINIEGAS;PINTURA DEL COMEDOR ESCOLAR, ALISTAMIENTO Y ADECUACIÓN DE COMEDOR ESCOLAR A AUDITORIO, INSTALACIÓN CORTINERIA, LIMPIEZA DE CAJAS, BAJANTES;Bogotá D.C. : Bogotá D.C.;$ 13.525.000,00;18/11/2021
9;173;49-2021;Régimen Especial;Convocado;BOGOTÁ D.C. - IED. COLEGIO ORLANDO FALS BORDA;INSTALACION Y SUMINISTRO DE CINTA ANTIDESLIZANTE NEGRA CON LINEA FOTOLUMINICENTE VERDE (MATERIAL ANTIDESLIZANTE;Bogotá D.C. : Bogotá D.C.;$ 15.200.000,00;18/11/2021
9;113;44-2021;Régimen Especial;Convocado;BOGOTÁ D.C. - IED. JOSE FELIX RESTREPO;Mantenimiento y pintura de las areas de la institución.;Bogotá D.C. : Bogotá D.C.;$ 18.000.000,00;19/11/2021
9;116;33-2021;Régimen Especial;Convocado;BOGOTÁ D.C. - IED. COLEGIO VEINTIÚN ÁNGELES;CONTRATACIÓN DE LOS SERVICIOS DE PINTURA EN LA PLANTA FÍSICA CON TERMINADOS, A TODO COSTO, INCLUIDO MANO DE OBRA Y MATERIALES (EXELENTE CALIDAD Y MARCAS RECONOCIDAS) CON EJECUCIÓN DE TRACTO SUCESIVO POR EL TIEMPO ESTIPULADO O HASTA AGOTAR LOS RECURSOS DEL CONTRATO, LO QUE PRIMERO OCURRA.;Bogotá D.C. : Bogotá D.C.;$ 18.000.000,00;19/11/2021
9;119;FJM-23-2021;Régimen Especial;Convocado;BOGOTÁ D.C. - IED. FRANCISCO JAVIER MATIZ;Pintura y resane de muros internos Sede A del colegio Francisco Javier Matiz IED;Bogotá D.C. : Bogotá D.C.;$ 16.533.260,00;19-nov-21
9;122;23-2021;Selección Abreviada de Menor Cuantía (Ley 1150 de 2007);Convocado;BOGOTÁ D.C. - IED. ANDRÉS BELLO;ADECUACION DE BAÑOS CON MATERIALES DE EXCELENTE CALIDAD;Bogotá D.C. : Bogotá D.C.;$ 48.197.037,00;19/11/2021
9;129;CLM-27-2021;Régimen Especial;Convocado;BOGOTÁ D.C. - IED. LA MERCED;LIMPIAR, RESANAR Y APLICAR PINTURA A FACHADA DE LA INSTITUCION;Bogotá D.C. : Bogotá D.C.;$ 16.976.000,00;19/11/2021
9;86;29/2021 MANTENIMIENTO PINTURA COLEGIO;Régimen Especial;Convocado;BOGOTÁ D.C. - IED. LLANO ORIENTAL;Contratar la mano de obra para el mantenimiento de la pintura del colegio Llano Oriental IED.;Bogotá D.C. : Bogotá D.C.;$ 11.000.000,00;22/11/2021
9;89;PMINCU-26-2021-COLEGIO MARSELLA IED;Contratación Mínima Cuantía;Convocado;BOGOTÁ D.C. - IED. MARSELLA;DEMOLICIÓN, ADECUACIÓN Y CONSTRUCCIÓN DE BAÑOS PARA DOCENTES EN EL ÁREA PREESCOLAR ANTIGUA Y SEGÚN LO DETERMINADO EN EL PLAN ANUAL DE ADQUISICIONES;Bogotá D.C. : Bogotá D.C.;$ 17.635.000,00;22/11/2021
9;94;039 de 2021;Régimen Especial;Convocado;BOGOTÁ D.C. - IED. LICEO FEMENINO MERCEDES NARIÑO;servicios de pintura de salones , pasillos;Bogotá D.C. : Bogotá D.C.;$ 5.901.750,00;22/11/2021
9;100;CGN-RCD-202126;Régimen Especial;Convocado;BOGOTÁ D.C. - IED. GARCES NAVAS;PINTURA FACHADA (LÍNEAS AZULES INTERNAS Y EXTERNAS), DE ENCERRAMIENTO, PORTONES PRINCIPALES DE LAS SEDES AYB, ARCOS Y SALONES DE SEDE B 107 108 Y 109 CAFETERÍA SEDE A;Bogotá D.C. : Bogotá D.C.;$ 18.159.500,00;22/11/2021
9;103;CGN-RCD-202126;Régimen Especial;Convocado;BOGOTÁ D.C. - IED. GARCES NAVAS;PINTURA FACHADA (LÍNEAS AZULES INTERNAS Y EXTERNAS), DE ENCERRAMIENTO, PORTONES PRINCIPALES DE LAS SEDES AYB, ARCOS Y SALONES DE SEDE B 107 108 Y 109 CAFETERÍA SEDE A;Bogotá D.C. : Bogotá D.C.;$ 18.159.500,00;22/11/2021
9;104;17 2021;Régimen Especial;Convocado;BOGOTÁ D.C. - IED. EL VIRREY JOSE SOLIS;PINTURA DE 21 SALONES, PAREDES, TECHOS, PUERTAS Y VENTANAS DE LOS MISMOS DEL COLEGIO EL VIRREY JOSE SOLIS IED-;Bogotá D.C. : Bogotá D.C.;$ 18.000.000,00;22/11/2021
9;26;33-2021;Régimen Especial;Convocado;BOGOTÁ D.C. - IED. REPUBLICA DE COLOMBIA;Mantenimiento, adecuaciones de obra y reparaciones hidrosanitarias en las tres sedes de la institución;Bogotá D.C. : Bogotá D.C.;$ 18.000.000,00;24-nov-21
9;45;42;Régimen Especial;Convocado;BOGOTÁ D.C. - IED. ESTANISLAO ZULETA;Pintura azul institucional en paredes y columnas metálicas de cubierta interior y barras de jardineria. Colocar granito en dos espacios de las rampas del patio y en pasamanos del segundo piso;Bogotá D.C. : Bogotá D.C.;$ 3.022.953,00;24/11/2021
9;50;38;Régimen Especial;Convocado;BOGOTÁ D.C. - IED. HELADIA MEJIA;CONTRATO DE PINTURA DE LA INSTITUCION SEDES A Y B;Bogotá D.C. : Bogotá D.C.;$ 13.994.000,00;24/11/2021
9;52;CMCV-26;Régimen Especial;Convocado;BOGOTÁ D.C. - COLEGIO DISTRITAL MANUEL CEPEDA VARGAS;MANTENIMIENTOS CORRECTIVOS EN SANITARIOS LAVAMANOS Y SISTA HIDRAULLICO;Bogotá D.C. : Bogotá D.C.;$ 16.137.800,00;24/11/2021
9;15;2021-023;Régimen Especial;Convocado;BOGOTÁ D.C. - IED. HUNZA;El Colegio HUNZA I.E.D. requiere contratar pintura y mano de obra en fachadas, paredes, pasillos, columnas, puertas y pasamanos de las sedes A, B y C, según el anexo 1;Bogotá D.C. : Bogotá D.C.;$ 9.933.500,00;25/11/2021
9;18;58-2021;Régimen Especial;Convocado;BOGOTÁ D.C. - IED. INEM FCO. DE PAULA SANTANDER;suministro y cambio de tejas arreglode filtraciones , instalacion de flanches , impermebealizacion de canaletas , cambio de tubo bajante , arreglos a realizar en las sedes a y b;Bogotá D.C. : Bogotá D.C.;$ 17.872.000,00;25/11/2021
9;24;35;Régimen Especial;Convocado;BOGOTÁ D.C. - IED. EL SALITRE SAN CARLOS DE SUBA;TRABAJOS DE RESANE PARTE INTERNA Y PINTURA PARA AULAS DE CLASE, COORDINACION, AULA MULTIPLE Y SALA DE PROFESORES DEL COLEGIO EL SALITRE SUBA IED. INCLUYE ESTUCADO Y DETALLADO, PINTURA TRES MANOS, APLICACIÓN DE ESMALTE EN MUROS Y VINILO EN TECHOS. INCLUYE RETIRO DE ESCOMBROS QUE GENERE LA OBRA.;Bogotá D.C. : Bogotá D.C.;$ 17.443.200,00;25/11/2021
9;5;CE-08-21;Régimen Especial;Convocado;BOGOTÁ D.C. - IED. ESPAÑA;CONTRATACIN TRABAJOS DE MANTENIMIENTO A TODO COSTO INCLUYE MANO DE OBRA Y MATERIALES EN LAS SEDES PINTURA, ARREGLO GOTERAS;Bogotá D.C. : Bogotá D.C.;$ 5.065.000,00;27/11/2021
9;7;CE-015-21;Régimen Especial;Convocado;BOGOTÁ D.C. - IED. ESPAÑA;Contrato a todo costo incluye mano de obra y materiales por mantenimiento en las sedes mamposteria, pintura y otros según cotizacion adjunta;Bogotá D.C. : Bogotá D.C.;$ 5.780.800,00;27/11/2021
9;9;CE-016-21;Régimen Especial;Convocado;BOGOTÁ D.C. - IED. ESPAÑA;TRABAJOS VARIOS A TODO COSTO INCLUYE MANO DE OBRA Y MATERIALES. ARREGLO LINEA TELEFONO. SUMINISTRO E INSTLACION REGISTRO. PINTURA GENERAL E INSTLACION PISO LAMINADO OFICINA COORDINACION;Bogotá D.C. : Bogotá D.C.;$ 6.200.000,00;27/11/2021
